imports feature	Bootstrap_0 Avg MDI Score	Bootstrap_1 Avg MDI Score	Bootstrap_2 Avg MDI Score	Bootstrap_3 Avg MDI Score	Bootstrap_4 Avg MDI Score
imp_exit	0.000745790535793942	0.0009409444031776576	0.0011155761220955833	0.0009976370542322556	0.0014873141963952143
imp__cexit	0.00046802351813684026	0.0006496065781203414	0.0006750758406964993	0.0012305580685664731	0.001277030541625328
imp_calloc	0.0003168637192729209	0.000554593813527529	0.0004990571311996847	0.00048158181060438366	0.0007476722873423897
imp_getenv	0.0001796960785621223	0.0004926097461067172	0.0005332321787564555	0.0007340103950215786	0.0003687650859478879
imp_free	0.00023787305240233588	0.00028678651348253896	0.0004472494337025099	0.0005517846701871501	0.0007809576831957976
imp_malloc	0.00027381306624550607	0.00022433437770819756	0.0006160350075025745	0.0004573980587645773	0.0003882979565996319
imp_fprintf	0.00022897722371278132	0.00028574827835317786	0.0004160995400036715	0.00039100758419155946	0.0006248353723361489
imp__except_handler4_common	0.0003203535976462616	0.0003558395056301492	0.00034723531192448656	0.00026508307307362077	0.0005331765527155292
imp_memset	0.00021641035680983732	0.0002270363407237382	0.0003256323359812963	0.00022286854520152058	0.00031074679505309116
imp__amsg_exit	0.00020465335792576268	0.0002505051344321498	0.0002517146109036663	0.0002382394171489228	0.0003130040469701233
imp_copyfilea	0.0002070463652286067	0.00030902305872110194	0.0002427405143177136	0.00023444832152668386	0.00020316077057463386
imp_getsystemtimeasfiletime	0.0002030897160565512	0.00029193161154024964	0.0002190629360332858	0.00020091711735896394	0.000166276335995456
imp_queryperformancecounter	0.0002762353190257616	0.0002861058669654911	0.00016141731862224614	0.0001578912751671218	0.00014813194039586423
imp_createthread	0.0	0.00022181242786738662	0.00028819232878115047	0.00023926455033781462	0.0002727182760649898
imp_createtoolhelp32snapshot	0.00018275578076132183	0.00020129001843848643	0.00019914362613335422	0.00021682540931719673	0.00021158536652420308
imp_realloc	7.757189669931751e-05	0.00015200663929317766	0.00023968290065678796	0.0003137313854232038	0.00017041667244161506
imp__exit	0.0001935523380297294	0.00020612422462800754	0.0001980994171147141	0.00012940016113984442	0.00019834968641080226
imp_process32next	0.0001240227139470449	0.00022410967740450053	0.00021106901452221837	0.00020530899136823622	0.00014556184109449757
imp_sleep	0.00011444855655883064	0.00014240268183544924	0.00019426255014168604	0.00020186261446860924	0.0002215714988554707
imp__lread	0.0001756380390426093	0.00017010705567565223	0.0001816895366328251	0.0001347300942558891	0.00020470477911181494
imp_recv	9.61484845628206e-05	0.00023835726122440416	0.00017359042609324993	0.00015373926448734534	0.00020309347490162841
imp_strchr	0.00010571877119651621	0.00010154489014505043	0.0001436954169834365	0.00022433503045281373	0.0002767669335088873
imp_process32first	0.00014532289721026222	0.00021017031994072254	0.00020077017329200538	0.00017105986017289492	0.0001230007470146947
imp__initterm	0.00014920674375022512	0.00023470691423623088	0.00017120431124599306	0.00016868997516064507	0.0001212359231366443
imp_getstartupinfoa	0.0001752039064091085	0.0001718714084937536	0.00014878791016644465	0.0002036998264914838	0.00014101211120028215
imp_closesocket	0.00011174213289000393	0.0002054007298555157	0.000163180235467566	0.00016806299630876714	0.0001295689455147498
imp_connect	0.00012160369839730515	0.000241659946749244	0.00015919125621198887	0.00014201952885439377	0.0001113471525584848
imp__iob	0.00011086415489955763	9.469806112922265e-05	0.00015357417170308167	0.00014942969721871817	0.00023089138430813623
imp_wsastartup	0.00012914035149065787	0.00021509086700327178	0.0001531068585306808	0.0001240092755516467	0.00011406338754828315
imp_htons	0.0001288151462014035	0.00015873140233265857	0.00015002763202772888	0.00014816711644169008	0.00014436067104801076
imp___setusermatherr	0.00011068784408040764	0.00022316751613156742	0.00010074915317046095	0.00015940638665800023	0.0001279834444924017
imp__llseek	0.0001954290895540242	0.00011144353681798108	0.00013127698269888485	0.00013652170913210107	0.00012913365023891162
imp_fflush	0.00011654795795970883	4.133529682110377e-05	0.00018821697255045532	0.000249667438564734	9.985059083685293e-05
imp_getcurrentprocess	0.0001860610365121136	0.00014355979965553986	0.0001740449528055749	0.00010596935211466794	6.826436286719001e-05
imp_internetclosehandle	0.00010875975973379613	0.0001421427856282429	0.00018007710338656884	0.00010664241830449171	0.00012597134448513484
imp_?terminate@@yaxxz	8.73464189204992e-05	0.00011652989593944343	9.362405650592252e-05	0.00011280543325284482	0.00025172278934154125
imp_send	0.00010431057558556477	0.00018128894071935153	0.00013884281845847747	9.887308778142768e-05	0.00010934413197830897
imp__lopen	0.00013277626945972166	0.0001104225282934948	0.00014602488536622242	0.00010076582763449181	0.00014084826194494924
imp_abort	0.0001678905209350899	0.0001572813504392542	9.587070406997993e-05	8.629970724622325e-05	0.00011387768265371319
imp_gethostbyname	0.00010645025586306772	0.00016975748627101026	0.00013052431067238392	0.00010634916491801929	9.468725404258137e-05
imp_winexec	0.00016745625292923606	0.00013009344908423032	0.000148163717500416	8.67060706595878e-05	7.247195849641748e-05
imp_socket	0.00012916081876967192	0.00015893391158665926	0.00011361591909054669	9.380058612993752e-05	0.00010301540678753275
imp___set_app_type	7.91619452076087e-05	7.737268964937152e-05	0.00014993833094939873	0.00011662639741799683	0.0001687740823670359
imp_getcurrentprocessid	0.0001098501595176915	0.00013481778566012864	0.00010977564016524117	0.0001124705696796683	0.00010401167672209278
imp_memcpy	0.000131595307620471	0.00010819432785202447	0.00012866825541037213	0.00011028341422002455	8.393870289900382e-05
imp_findfirstfilea	0.00013999093388077994	0.00011966836021736794	0.00011557084471918041	0.00011199462167722191	6.533672761429946e-05
imp__lclose	9.518596451808625e-05	8.192230542960915e-05	0.0001248396939368796	8.553291439887625e-05	0.00014310718999899745
imp___p___initenv	0.0001352209585509458	0.00010835332214479823	0.00010748848209008607	8.735996162762509e-05	9.208067100510396e-05
imp_wsacleanup	0.00010905482842959076	0.00013453033400625885	8.740922213786686e-05	0.00011024172765728801	8.732680324590047e-05
imp_createdialogparamw	7.029940410914462e-05	7.780553027949035e-05	0.00010330906199240986	0.0001105305108037869	0.00014046357968264912
imp___wgetmainargs	6.903088979817375e-05	0.0001621546311350682	7.281392300831843e-05	7.376973212132898e-05	0.00011072228346515715
imp_shellexecutea	9.312465266658676e-05	0.00012192024071835253	9.794973495596414e-05	9.228499488358915e-05	8.143069580541593e-05
imp_setfileattributesa	6.821180257194905e-05	8.76059574567456e-05	0.00012632789664091955	9.9072984752831e-05	0.0001040266717804431
imp_lstrcpyna	5.6449042945585145e-05	8.083902875283544e-05	0.00011464706422626716	7.359898669373387e-05	0.0001455724912611948
imp__initterm_e	5.257947100205025e-05	9.238596195024399e-05	5.8541960911962366e-05	0.0001588272303052148	0.00010414557772594365
imp_internetreadfile	5.2993985460500893e-05	0.00010421170015577233	0.00010236574848561627	0.0001047226997991784	9.60568027657665e-05
imp_getexitcodeprocess	5.44731717457923e-05	0.00016848233997165306	6.951851298559455e-05	9.525382878331367e-05	7.11922523584975e-05
imp___p__fmode	5.8981694721382374e-05	4.697129083182058e-05	9.415035368748263e-05	0.000146342890885401	9.664152691555753e-05
imp__lwrite	0.00011483208569090306	7.808452774137208e-05	7.611344256975823e-05	5.2228505557421246e-05	0.00011974867772875366
imp_virtualalloc	8.330464746508437e-05	8.651181823535358e-05	9.537227250619211e-05	8.509656101473559e-05	8.777096272556174e-05
imp_lstrcpya	7.286481711915992e-05	0.00011106644441125427	9.474787797973004e-05	7.471159271079293e-05	7.459398020319698e-05
imp_isbadreadptr	6.457301388388195e-05	7.752910417421715e-05	9.520107892581383e-05	0.0001098066833100538	7.657490478076306e-05
imp_lstrcata	7.441773322597621e-05	9.048859527833946e-05	8.33450080375324e-05	7.694855730662862e-05	9.481846380974643e-05
imp__lcreat	9.131674864870175e-05	8.458990630278766e-05	6.0915314569415454e-05	8.001587151091042e-05	9.605721130921738e-05
imp_regsetvalueexa	5.317077765938542e-05	7.66621091997658e-05	8.122087573392328e-05	7.54319795127853e-05	0.00012614166028289026
imp_shgetspecialfolderpatha	7.695486940089281e-05	7.375472878693052e-05	9.914945933797077e-05	8.137328221217806e-05	7.492435809610945e-05
imp_getversion	5.5791006886866655e-05	9.021697842730331e-05	6.781520765612052e-05	9.908489092768001e-05	8.913876393781261e-05
imp_findnextfilea	0.00011466475887470259	8.704918197756393e-05	7.407839581515248e-05	7.731971653341337e-05	4.8272097512080273e-05
imp_inet_addr	5.210218077761484e-05	7.303549655043961e-05	0.00010013679536586105	9.894986413771245e-05	7.264110962484476e-05
imp_internetopena	6.536598427413473e-05	0.0001122389903356293	8.955653067109056e-05	6.362945134301392e-05	6.105473124454834e-05
imp_findwindowa	6.842968631496165e-05	8.659827219390877e-05	7.261553579389404e-05	0.00010023924290044546	6.166764716079536e-05
imp_terminateprocess	7.18693559527549e-05	9.130505890154681e-05	8.308237616481956e-05	6.334666761764472e-05	6.92487300535301e-05
imp__xcptfilter	5.8702117459973776e-05	6.670107582118391e-05	0.0001054227763694563	6.648594174024199e-05	7.789941104898278e-05
imp_setunhandledexceptionfilter	7.178212161203085e-05	7.053261151883668e-05	7.612155133720548e-05	5.042452062727327e-05	9.421925360277376e-05
imp_msgwaitformultipleobjects	5.728806642590575e-05	4.886785054662038e-05	6.003092233918573e-05	9.780462949667626e-05	9.714642798738573e-05
imp___p__commode	7.7395459424251e-05	6.01292453759415e-05	9.165206208304457e-05	7.74603247204774e-05	5.17980029112932e-05
imp_createmutexa	6.103526925577425e-05	9.492756974490212e-05	6.922216753787437e-05	7.43839472029497e-05	4.663296246626689e-05
imp___vbalateidcallld	0.0	7.257161518529505e-05	0.00011932342416816206	5.820075211618085e-05	9.57852158774058e-05
imp_recvfrom	3.560003512207902e-05	0.0001361174881162901	5.062643852380217e-05	5.902346536214009e-05	6.298649509053648e-05
imp_wsprintfa	5.8977004334598837e-05	6.937557941870126e-05	5.636619262539558e-05	6.59786051159916e-05	8.813778423567903e-05
imp_enumresourcenamesa	6.249357556024482e-05	4.896295673821805e-05	6.880345136712923e-05	4.230911658559044e-05	0.00010321314652166323
imp__controlfp_s	5.2313361234264864e-05	3.6024687049217966e-05	5.019652136137132e-05	7.433137038663523e-05	0.00010724015262554695
imp_setconsolectrlhandler	5.2921201319173324e-05	6.49347057749069e-05	6.718646591636937e-05	7.60476586395817e-05	5.864776824965714e-05
imp_seterrormode	5.542568312759821e-05	6.36376376150316e-05	5.391734840177243e-05	7.929194580899866e-05	6.589316329557711e-05
imp_getdlgitem	0.00012864770354809578	9.440838815775429e-05	0.0	9.080381037059046e-05	0.0
imp_isdebuggerpresent	3.81061287826961e-05	6.874940764769505e-05	8.071280402951079e-05	8.44842057174761e-05	4.063538908086242e-05
imp_entercriticalsection	4.1806337258294086e-05	7.228158700530685e-05	6.777703827618986e-05	6.466538939095271e-05	6.540953734554368e-05
imp_getcurrentthreadid	6.545056297834354e-05	7.854223211422478e-05	4.745610528557221e-05	5.871863090998551e-05	6.133063121835888e-05
imp_cygwin_internal	3.093278846810742e-05	4.2203725332552134e-05	8.85868119071187e-05	7.737004436116693e-05	6.90738361476046e-05
imp_raiseexception	3.530522717582284e-05	7.737305594175414e-05	0.00010308853510910647	9.18371129453969e-05	0.0
imp_shgetmalloc	4.703152907180695e-05	5.355800799410822e-05	7.385825522919712e-05	5.8615749629787444e-05	7.244147024006506e-05
imp_gettemppatha	7.269372037344249e-05	8.559571975320071e-05	5.229308205223706e-05	5.054566898726267e-05	4.416029830552403e-05
imp_fwrite	1.7971243401421344e-05	1.0932889429267107e-05	0.00017770436298901742	3.816182962247232e-05	5.9448161058988605e-05
imp_exitprocess	6.751133440349353e-05	5.986703837162554e-05	6.93413194045416e-05	4.9296937732718296e-05	5.583363306769359e-05
imp__onexit	6.143847114976875e-05	5.192875284047896e-05	6.0704015238392044e-05	5.773495607030957e-05	6.850636187497845e-05
imp_rand	6.265228253175993e-05	8.68548076472817e-05	9.432496050980986e-05	5.602411352675961e-05	0.0
imp_loadicona	5.353016988400606e-05	6.267093410773645e-05	6.709941776669282e-05	6.631430047296834e-05	4.911681505149184e-05
imp_localfree	4.0492793139134906e-05	5.806290940840287e-05	5.615529118853463e-05	6.04853734906238e-05	8.255855955343124e-05
imp_getmodulehandlew	5.256467906118952e-05	6.27077439430779e-05	7.642061604430813e-05	5.39116534380817e-05	5.073685545068233e-05
imp_sizeofresource	5.9841421367254475e-05	4.850145013509973e-05	5.5732111927364994e-05	7.164168234710621e-05	5.9556090642436425e-05
