dlls feature	Bootstrap_0 Avg MDI Score	Bootstrap_1 Avg MDI Score	Bootstrap_2 Avg MDI Score	Bootstrap_3 Avg MDI Score	Bootstrap_4 Avg MDI Score
wininet.dll	0.0002106100621671623	0.00027226102085498813	0.00028031890660766676	0.0002514209878383744	0.00023380032479992187
ws2_32.dll	0.00010952023318379749	0.00015722072112997164	0.00010994061562587434	8.86213261541669e-05	7.339383127283592e-05
gdi32.dll	8.178449079541329e-05	0.00011394754515385008	0.00011776258976102498	0.00010486833069096578	9.596734231648719e-05
comdlg32.dll	8.468391688335172e-05	0.00012602361136585964	0.00010249461598295083	9.89700156247784e-05	8.667363330131918e-05
user32.dll	0.0001145073322141244	0.0001094425975597678	8.297225069750993e-05	8.711152528206596e-05	9.544524639844935e-05
comctl32.dll	8.594101582804342e-05	0.00012676092308532442	8.848166342213324e-05	8.215260409006672e-05	0.00010527286794528401
shell32.dll	9.021022100514972e-05	9.020047459881695e-05	0.00010215166247813946	8.534774913447474e-05	9.775540566112106e-05
advapi32.dll	6.943509832128235e-05	9.012770220293726e-05	8.53900647626006e-05	8.048739539741951e-05	6.920299435938115e-05
oleaut32.dll	5.304331823043411e-05	9.36769991646368e-05	7.563067091017047e-05	8.345257407180962e-05	8.30512891158357e-05
msvcrt.dll	5.881040576137881e-05	6.476100620988272e-05	7.667030516228625e-05	9.499703265407888e-05	7.030991959938123e-05
ole32.dll	5.9473712677773815e-05	6.182469390585152e-05	8.389667971365779e-05	6.727338206845236e-05	6.579076457036768e-05
shlwapi.dll	4.5190597889758616e-05	6.959955269108345e-05	6.47376429918284e-05	6.640490663682418e-05	5.51687947803434e-05
winmm.dll	3.620840465511323e-05	5.922759758897417e-05	7.82180379931179e-05	4.93063380741958e-05	5.8345681793148656e-05
version.dll	4.1448344716712166e-05	7.43794513765094e-05	5.426094836802564e-05	6.018389257256325e-05	4.305372427718077e-05
secur32.dll	3.594853095894969e-05	8.431791120431498e-05	4.320030675426645e-05	4.682532381593116e-05	5.306195350881553e-05
iphlpapi.dll	2.9068724659498627e-05	4.6715395479146606e-05	6.164574522006339e-05	4.957120597927473e-05	4.2894818350144546e-05
wsock32.dll	2.584029904932109e-05	4.005905230205916e-05	4.593527807744866e-05	7.294510816133912e-05	4.1216866210551834e-05
crtdll.dll	3.961780602813624e-05	4.112514839490909e-05	4.799325667464581e-05	3.740206065311842e-05	5.7583851971660566e-05
crypt32.dll	2.926611151632497e-05	5.748322207647208e-05	2.0316521069997202e-05	5.1625420695956154e-05	5.091392687711471e-05
winspool.drv.dll	3.3008672386940755e-05	4.7447219050013596e-05	3.6241301510921964e-05	4.217327038476538e-05	4.130323650047178e-05
psapi.dll	3.154605679954543e-05	4.142704507875901e-05	4.087949495126276e-05	4.550896642640187e-05	4.023026462589783e-05
imagehlp.dll	3.8775263743969814e-05	3.4402107397265655e-05	3.08147893538467e-05	4.273487874119044e-05	4.9164997295074735e-05
urlmon.dll	2.7585533096190087e-05	5.6867453044626624e-05	5.177453091456583e-05	3.0394699938335258e-05	2.9235588002459962e-05
uxtheme.dll	3.748118303365009e-05	2.695817879876039e-05	4.180353276861094e-05	4.310672650184982e-05	3.9862995572806e-05
msvcr71.dll	3.737422473065841e-05	4.245916089716192e-05	4.09549891441718e-05	2.914834572207398e-05	2.3916649526955603e-05
gdiplus.dll	4.2055377433819756e-05	4.1280123787873945e-05	2.3412830919899396e-05	2.5817146860957206e-05	3.7038405278132025e-05
ntoskrnl.exe.dll	2.8627699814369376e-05	5.480611141791067e-05	2.1144314344260507e-05	2.9602557737961744e-05	2.1773689038333e-05
userenv.dll	2.616448830053147e-05	3.868721075959723e-05	2.195786366983501e-05	2.566754135986379e-05	4.124285125177495e-05
mpr.dll	1.959242746546685e-05	2.8470897218420202e-05	4.109452804285821e-05	4.08431308770071e-05	2.2447279030319653e-05
msvbvm60.dll	2.0041698287391868e-05	3.461454768071845e-05	2.4398392430551582e-05	4.398021600539102e-05	1.7767771515935165e-05
netapi32.dll	2.7275091491485746e-05	3.0412111998562215e-05	3.1595976226212144e-05	2.4749300192330056e-05	2.628449554089536e-05
imm32.dll	1.5968819407277382e-05	2.2163928921939787e-05	4.019102134212458e-05	3.296189732242821e-05	2.6246553697546796e-05
msvcr100.dll	2.2989108892997514e-05	2.3848692394018964e-05	3.1427558710655603e-05	3.793079630469862e-05	1.810976699992087e-05
winhttp.dll	2.3969226029546246e-05	4.2061068836386945e-05	1.6701181758830478e-05	2.3263170639390233e-05	2.779090004590035e-05
wintrust.dll	2.6492121996710822e-05	6.747706891886446e-05	1.1839363830671917e-05	1.0928469001526324e-05	1.656545194363934e-05
wldap32.dll	2.417784193861685e-05	3.024336000255772e-05	2.779322001296474e-05	2.5133049035025062e-05	2.2825777117703124e-05
msimg32.dll	1.7956076497308917e-05	2.6313662419185138e-05	2.6202855008733597e-05	2.9034141292284517e-05	2.4858519563467314e-05
msi.dll	1.6867194232382283e-05	2.670964114085197e-05	2.203478685610117e-05	2.5744691396717178e-05	3.250005620546586e-05
api-ms-win-crt-runtime-l1-1-0.dll	1.3201617208680096e-05	2.156842317086152e-05	2.4597623323645593e-05	2.6874220141359373e-05	2.4836523472806007e-05
oledlg.dll	1.1961061172182704e-05	2.643943735169825e-05	1.9982110752601622e-05	2.537782669748092e-05	2.318335715210252e-05
hal.dll	3.624765769543655e-05	2.7057588011756293e-05	1.218345395132371e-05	2.2347579527498637e-05	8.81638391729304e-06
mfc42.dll	1.0026613749091278e-05	1.3764583597941868e-05	2.2006399850384976e-05	1.8161126519452888e-05	4.220110674342397e-05
ntdll.dll	1.171568713507581e-05	2.16067371155753e-05	2.692294257474565e-05	2.5233115316910572e-05	1.871530406872737e-05
ddraw.dll	1.866505794914264e-05	1.7930944722257644e-05	1.8106754304257333e-05	2.3212087836633828e-05	2.0604968922657837e-05
oleacc.dll	1.8811653009089652e-05	2.1740910825290904e-05	1.923170245305606e-05	1.8598750457544076e-05	1.583776242264947e-05
rpcrt4.dll	1.5183537718874759e-05	2.2524381274173664e-05	2.1937799279711366e-05	1.6056036420365493e-05	1.6984069717776618e-05
olepro32.dll	1.2769638736157982e-05	1.3321955225910876e-05	1.8482750011061595e-05	1.992962050910668e-05	2.5023516416594008e-05
wtsapi32.dll	1.3098698238088363e-05	2.333558321986941e-05	2.0108744953089895e-05	1.5032274271003854e-05	1.4471922652034699e-05
dsound.dll	2.631019065164304e-05	1.7589656362291623e-05	2.128299634411901e-05	0.0	1.9782266367065704e-05
setupapi.dll	1.843507382245686e-05	1.7785865932733403e-05	1.3120399902766764e-05	1.1988839405454309e-05	1.5265535596271778e-05
api-ms-win-core-profile-l1-1-0.dll	1.5468423308907683e-05	1.2837343546155314e-05	1.7211893022214623e-05	1.4962959842678583e-05	9.50658445045876e-06
api-ms-win-crt-private-l1-1-0.dll	5.035938057422362e-06	1.5144587213331985e-05	1.5803067762158106e-05	1.8326263202123352e-05	1.1605609674353433e-05
mscoree.dll	7.325754327149641e-06	1.2521304784697302e-05	1.1358690650765255e-05	1.8161434024895106e-05	1.1851589152000503e-05
msvcr90.dll	1.39118411171289e-05	1.967376759154529e-05	6.920328880392263e-06	1.6013983038664743e-05	4.1039746493013665e-06
qtcore4.dll	9.225155693221594e-06	7.081600611093274e-06	1.9442177910926644e-05	1.552894320062193e-05	8.130352643664905e-06
msvcr80.dll	1.7741862929218474e-05	1.0704092408006487e-05	6.722928697528598e-06	1.3386148211746182e-05	7.288742241655381e-06
rasapi32.dll	1.2928765527609272e-05	1.9269180664932072e-05	1.1835294553254005e-05	4.740455398137118e-06	7.015260505393197e-06
shfolder.dll	1.0329676990622152e-05	9.021488796031468e-06	9.290637729957902e-06	7.580625511040849e-06	1.2319373266611303e-05
api-ms-win-crt-locale-l1-1-0.dll	8.78150899933915e-06	6.865070317815712e-06	9.130327794322694e-06	1.756715051207728e-05	5.740962783134607e-06
opengl32.dll	1.0457354258027008e-05	7.424785340931589e-06	1.0577613191309581e-05	1.0012335771679507e-05	7.928027565252507e-06
api-ms-win-crt-math-l1-1-0.dll	5.609599834521759e-06	1.138037741611467e-05	7.247280653966909e-06	1.4062174147224104e-05	6.955715135230883e-06
msvcp80.dll	1.4381504875333396e-05	7.015582040614701e-06	5.675382222636209e-06	5.5142539712152945e-06	9.691427805510034e-06
msvcr120.dll	8.43737458865296e-06	1.2219984530449277e-05	9.371294863763205e-06	4.843760943415883e-06	5.77328046249575e-06
api-ms-win-crt-heap-l1-1-0.dll	5.029602645780633e-06	6.9441943844350305e-06	9.814736921529705e-06	9.856815583761109e-06	8.89950730787029e-06
msys-1.0.dll	1.0611804133619927e-05	7.743635415075401e-06	5.703170033615708e-06	1.363893980335166e-05	2.6968798132688875e-06
api-ms-win-core-libraryloader-l1-2-0.dll	7.1607818022433136e-06	9.134304566200011e-06	7.072778802728611e-06	1.1321861099980472e-05	5.342916806748294e-06
api-ms-win-core-handle-l1-1-0.dll	1.649875104032687e-06	8.146795452328846e-06	7.830213656262912e-06	1.1379949075281973e-05	9.9459017552087e-06
qtgui4.dll	7.508531301362079e-06	5.0393215664538045e-06	9.92417673578386e-06	9.113646865003423e-06	7.113759073903939e-06
api-ms-win-crt-stdio-l1-1-0.dll	5.230438099385401e-06	7.453807054554862e-06	7.163149898247676e-06	1.1056887761101479e-05	7.2039604846727316e-06
api-ms-win-crt-string-l1-1-0.dll	3.087100042452218e-06	9.018657545612673e-06	8.571356252114261e-06	8.555830243871152e-06	8.667663286857136e-06
vcruntime140.dll	3.6743858528774574e-06	1.1009924393438922e-05	7.878587697911939e-06	1.0040468515080553e-05	4.859368344439755e-06
msvcp90.dll	1.0359092172342604e-05	1.1408370315013408e-05	3.829451467494394e-06	7.626509191331233e-06	3.476205720987301e-06
qt5core.dll	4.389874093511344e-06	9.516445217841652e-06	8.91985965848547e-06	3.783943054914129e-06	7.891924395739643e-06
dnsapi.dll	3.245260372350602e-06	5.494125258095717e-06	5.4249388715000845e-06	8.313897116518274e-06	8.640202400740294e-06
api-ms-win-core-synch-l1-2-0.dll	4.983283071471329e-06	7.889336652444168e-06	7.614804011783021e-06	7.491755784075647e-06	3.082655685167637e-06
dbghelp.dll	4.974287539224909e-06	6.996602949516562e-06	7.926806594234866e-06	4.429637953719139e-06	6.1173201881519575e-06
libcurl.dll	1.0052203964712141e-05	5.5634568768087835e-06	7.174301328478283e-06	3.944162793743769e-06	3.399635455744541e-06
qt5widgets.dll	4.459596182386513e-06	6.7000076520442656e-06	6.99730903597877e-06	4.904711799571413e-06	5.238779979108391e-06
lz32.dll	3.712143275317493e-06	4.548529709379526e-06	3.2716440167230393e-06	7.983148051452452e-06	8.4065323825079e-06
msvcr110.dll	0.0	1.2859814779558743e-05	1.4933602379044234e-05	0.0	0.0
mswsock.dll	3.6518021671546e-06	3.064163484538692e-06	1.0902221347632997e-05	3.162620072053362e-06	4.408359264890551e-06
msvcp120.dll	4.23369530270315e-06	6.896738974390745e-06	6.206775616310975e-06	3.251350320583543e-06	4.311358859522249e-06
cygwin1.dll	4.321789195966496e-06	2.5862249432332566e-06	5.274504593769364e-06	6.832483696977256e-06	4.889025529531005e-06
bcrypt.dll	2.088714714371795e-06	3.436330640392469e-06	3.6474218030391312e-06	4.849465432311457e-06	9.849508081059833e-06
cabinet.dll	4.685535941838254e-06	7.1664229702001325e-06	5.643221783732396e-06	2.6412824069947122e-06	3.6631869393413417e-06
sqlite3.dll	2.692010639954284e-06	6.898777828357264e-06	5.953352398557444e-06	2.0517827153691696e-06	6.110125486238272e-06
msvfw32.dll	5.41611465091946e-06	6.028821627993742e-06	3.8389857549300665e-06	4.991440225364811e-06	3.2177616794438325e-06
usp10.dll	4.372604283990693e-06	8.161827016469921e-06	1.3402627872992384e-06	3.981615926296633e-06	3.2677206737804947e-06
msacm32.dll	5.947855225954967e-06	3.6925567071461168e-06	3.048686010108967e-06	2.5488233043483087e-06	5.357023581167985e-06
avifil32.dll	3.476203792900678e-06	3.5288921230556214e-06	3.774783500128491e-06	4.970207388167228e-06	4.149384315538058e-06
msvcp140.dll	3.1425426081336355e-06	3.327647527501256e-06	4.457845449657924e-06	5.1007296007154285e-06	3.7491539158832595e-06
msvcp60.dll	4.27348690024999e-06	3.551075564420839e-06	3.4146578809425276e-06	2.6285050019563317e-06	4.64227158378534e-06
d3d9.dll	3.2629071161687676e-06	3.06576737492718e-06	2.977429013512101e-06	3.388468287752024e-06	5.207906070081396e-06
msvcp100.dll	4.95351316884109e-06	0.0	4.4052814817487585e-06	5.9401988103310645e-06	2.560912170647524e-06
qt5network.dll	2.7064590456885334e-06	4.479531490904843e-06	3.838338242675019e-06	4.2550851414632e-06	2.481269808268727e-06
pdh.dll	4.032358850966933e-06	3.4187651217887175e-06	1.440946478835952e-06	2.9673261637871355e-06	4.586761911168581e-06
qt5gui.dll	2.1933500737031514e-06	4.073338515622005e-06	3.3810692168658907e-06	4.504623199962336e-06	2.2869490254036865e-06
libglib-2.0-0.dll	3.6813426236253284e-06	2.3174545787590995e-06	3.2144401331062974e-06	5.285149516369474e-06	1.6136117132366353e-06
sensapi.dll	2.8473613499949058e-06	4.5266081726349795e-06	2.7853452310744073e-06	3.081212737872931e-06	2.8484355335886576e-06
api-ms-win-core-errorhandling-l1-1-0.dll	4.780090185830785e-06	3.3646029425522344e-06	2.9328936064485046e-06	2.1910887120108126e-06	2.6467307208573435e-06
