dlls feature	Avg MDI Score
atl.dll	0.0004967141315509727
tapi32.dll	0.00042546901808046057
urlmon.dll	0.00034120279465028256
gdiplus.dll	0.00032373941825919125
ntdll.dll	0.0003161116136801713
powrprof.dll	0.0003129078600641203
shfolder.dll	0.0002701981094854468
wsock32.dll	0.0002693738761883141
msvbvm60.dll	0.00026769746629220467
opengl32.dll	0.0002602040835316617
bcrypt.dll	0.0002563417220540596
msimg32.dll	0.000254354822674282
ddraw.dll	0.00022207246102935404
netapi32.dll	0.0002090526775018426
wininet.dll	0.0001997294459490491
ws2_32.dll	0.00019899717127144675
msvcrt.dll	0.00019894785572753749
user32.dll	0.0001905630501880406
version.dll	0.00019046551460000702
ole32.dll	0.00016370028782594694
psapi.dll	0.00016354635127769412
comctl32.dll	0.00016108198495457118
gdi32.dll	0.0001589615664382753
mpr.dll	0.00015874776832877093
rpcrt4.dll	0.00015488413406399256
shell32.dll	0.0001517011936026571
oleacc.dll	0.00014959364968371238
advapi32.dll	0.0001449239639160596
winhttp.dll	0.0001446464324671899
rasapi32.dll	0.00014411496174077383
oleaut32.dll	0.00014385669046613177
dnsapi.dll	0.0001418984705185644
crypt32.dll	0.00013445428071894911
shlwapi.dll	0.00013069824298729825
setupapi.dll	0.00012315801393507965
uxtheme.dll	0.0001180980877181657
iphlpapi.dll	0.00011500289996505489
d3d9.dll	0.00011480319185586588
winmm.dll	0.00011294799561355886
mscoree.dll	0.00010806661636002455
winspool.drv.dll	9.420193686039203e-05
comdlg32.dll	8.750449589631928e-05
userenv.dll	7.249398661151959e-05
oledlg.dll	6.86570904837251e-05
wldap32.dll	6.846103096301042e-05
mfc42.dll	6.695092822299417e-05
wtsapi32.dll	6.403527389754477e-05
mswsock.dll	5.71829624943282e-05
avicap32.dll	4.5624003322668315e-05
wintrust.dll	3.689816063076882e-05
snmpapi.dll	3.6448677870308524e-05
imm32.dll	3.4259072026676654e-05
msacm32.dll	2.910714987194254e-05
secur32.dll	2.7210940243112994e-05
olepro32.dll	2.625960227694434e-05
lz32.dll	2.610872558472698e-05
dbghelp.dll	2.5674773809021395e-05
imagehlp.dll	2.345097034752196e-05
sensapi.dll	2.2705604094271395e-05
msvcp60.dll	1.8877051159091868e-05
sqlite3.dll	1.8269413397444702e-05
msvfw32.dll	1.2687419312877937e-05
avifil32.dll	8.537373814339908e-06
crtdll.dll	7.067147877856818e-06
mscms.dll	6.137808503646735e-06
api-ms-win-crt-runtime-l1-1-0.dll	2.781615719157157e-06
msvcp80.dll	2.460597768642876e-06
msvcr80.dll	2.394780761580742e-06
msi.dll	2.365441802556998e-06
api-ms-win-crt-stdio-l1-1-0.dll	1.8103039930472943e-06
api-ms-win-crt-math-l1-1-0.dll	1.7133281248390066e-06
api-ms-win-crt-locale-l1-1-0.dll	1.6516942481605467e-06
dxedtrd6.bpl.dll	1.3057600273385652e-06
odbc32.dll	1.238313972042624e-06
msvcp140.dll	1.1842891193413607e-06
vcl60.bpl.dll	1.038096498942339e-06
glu32.dll	9.930595480871418e-07
pdh.dll	8.469121431425892e-07
vcruntime140.dll	8.130251308633756e-07
normaliz.dll	7.71394697943449e-07
rxctl6.bpl.dll	7.323075633354966e-07
msvcp90.dll	6.227958519697226e-07
dsound.dll	5.792538212805068e-07
rtl60.bpl.dll	5.633800298213025e-07
api-ms-win-crt-filesystem-l1-1-0.dll	5.202067936138819e-07
api-ms-win-crt-heap-l1-1-0.dll	4.2578094418581603e-07
api-ms-win-crt-string-l1-1-0.dll	3.99808466597438e-07
cabinet.dll	3.681996787757866e-07
*invalid*.dll	3.389304964547864e-07
msvcr90.dll	3.3451661544286314e-07
libcurl.dll	2.634599674869149e-07
msvcr110.dll	2.457891371287916e-07
api-ms-win-crt-convert-l1-1-0.dll	1.7255085350445184e-07
ucrtbased.dll	1.2324366878845406e-07
dbnmpntw.dll	0.0
pscomponents.bpl.dll	0.0
appvisvsubsystems32.dll	0.0
madexcept_.bpl.dll	0.0
dinput8.dll	0.0
mfc42u.dll	0.0
