sections feature	Bootstrap_0 Avg MDI Score	Bootstrap_1 Avg MDI Score	Bootstrap_2 Avg MDI Score	Bootstrap_3 Avg MDI Score	Bootstrap_4 Avg MDI Score
pesectionProcessed_sectionsMaxEntropy	0.0030708123874965683	0.003487597216699347	0.00352445184221246	0.0031637984920804144	0.0030564099570211975
pesection_1_characteristics_bit31	0.00168089642222835	0.0023654126329044926	0.002076460611193792	0.0015537778114396237	0.0014266293892038228
pesectionProcessed_sectionsMeanVirtualSize	0.0015928543505463653	0.002110366192333687	0.001506471383376073	0.0016894543611513015	0.0015649165929251755
pesectionProcessed_sectionsMaxVirtualSize	0.0016825895526235799	0.0019027845284644383	0.00151449091263383	0.0017981209735890014	0.001526412933510201
pesectionProcessed_entrypointSection_characteristics_bit31	0.0013548611921211935	0.001769890114900694	0.0019742269194268796	0.0018341147000162001	0.0014049737781504225
pesectionProcessed_sectionsMeanSize	0.0014704794523037216	0.0017006110517676643	0.0013743159688123525	0.0015076934651402554	0.0013384523088975087
pesectionProcessed_entrypointSection_entropy	0.0011756653011294664	0.0019527175282721715	0.0013616090155348817	0.0015779039165742929	0.0012964784238613555
pesection_1_entropy	0.001191255912076169	0.0017639394554555914	0.0012949196187219993	0.001469721684657204	0.0014423558284188235
pesectionProcessed_sectionsMaxSize	0.0012897629877081749	0.001562527096325967	0.0012517380864256462	0.00138266566842061	0.001160313767016837
pesectionProcessed_sectionsMeanEntropy	0.0010619276514893996	0.0015179279489187197	0.001226869589299614	0.0011649282703529917	0.001241238779576268
pesection_3_physicalAddress	0.0010108248187081907	0.0014635112300089748	0.0011370693344844745	0.001323518413574189	0.0011504124337527628
pesection_3_virtualSize	0.000963094561893409	0.0014851724532768161	0.00116933554724591	0.0012407599836027337	0.0010390250306213668
pesectionProcessed_resourcesMeanSize	0.001081587118467393	0.0012414996482882014	0.0010184320771841082	0.0011445576134039791	0.0010369139050408842
pesection_1_physicalAddress	0.0009037209201295506	0.0012482912690183895	0.0010852813738213172	0.0010901629999168255	0.0010305869504670466
pesection_1_virtualSize	0.000883576191287321	0.0011598199998399791	0.0010994256998402582	0.0010485726161745003	0.0010103935922121069
pesectionProcessed_sectionsMinVirtualSize	0.0007725681425227948	0.0010499725876512301	0.0008586253875569243	0.0013670519795341645	0.0011474296885674157
pesectionProcessed_entrypointSection_virtualSize	0.0008958656150375346	0.001112611229233654	0.00107546254652401	0.0010741730010817394	0.0009973636731643815
pesectionProcessed_entrypointSection_physicalAddress	0.0009592803098269698	0.0010984324790741142	0.001084463514651048	0.0010538418657506238	0.0009487957052487309
pesection_3_entropy	0.0008169967065752067	0.0013716011813513509	0.0009184721970152635	0.0009720721667329681	0.0009272555797910258
pesectionProcessed_resourcesMaxEntropy	0.001009529076409787	0.0010302681045999073	0.0008513265243701117	0.0009159286419882764	0.0009259261669580764
pesection_2_entropy	0.0009066424373358224	0.0011296392823530379	0.0008972033620670602	0.0008304120184507695	0.0009577649434112711
pesection_2_physicalAddress	0.0008881700489080466	0.0010371506927892092	0.0008679922599157418	0.0008072539595008656	0.0008306902279778202
pesectionProcessed_resourcesMeanEntropy	0.0007978245308951224	0.001076540204723697	0.0008277731381894122	0.0008375624467674923	0.0008884192534209162
pesection_2_virtualSize	0.0007914828281919796	0.0010033427512075033	0.0008718140064674749	0.0008104942141076626	0.0007760369312873305
pesection_4_virtualAddress	0.0006808798428149755	0.0009752009244530239	0.00076449506151216	0.0007902917828855685	0.00085468445575617
pesectionProcessed_resourcesMaxSize	0.0007811296102527113	0.0009800366927796848	0.0007997907579771939	0.000746799787198557	0.0007012152289827777
pesectionProcessed_resources_nb	0.0006156710628823025	0.0009747474651686033	0.0006975206083138077	0.0007760026087769382	0.0008093583976739113
pesectionProcessed_entrypointSection_size	0.0006093093818397837	0.0008279105932167861	0.0008177242068080296	0.0008083145348974471	0.0007123591340926111
pesectionProcessed_resourcesMinEntropy	0.0006231902160467791	0.0009214754311191849	0.0007483426421367451	0.0006935560683177064	0.0006890621607350346
pesection_3_rawAddress(pointerToRawData)	0.0005480923025618968	0.0007696908366253538	0.0007720663170035102	0.0007908834771466949	0.0007218267398965296
pesection_4_physicalAddress	0.0005718629578182211	0.0007414848854083151	0.0007605597168396189	0.0007481722211148179	0.0007490641004170451
pesection_4_virtualSize	0.0005977499779611659	0.0007170910611837535	0.0006804721009880691	0.0007985785865842765	0.0007507456987888195
pesection_1_size	0.0006128897033687698	0.0007955088513146274	0.0007461522151374421	0.000668693276829508	0.0006664125843628551
pesection_3_virtualAddress	0.0005241391680991271	0.0007303035150427209	0.0007634667018355159	0.0006704476464351845	0.0006410768502150637
pesection_4_rawAddress(pointerToRawData)	0.000567790089073784	0.0006884183455593555	0.0007023429077400096	0.0007607335358725445	0.0005682490261672723
pesection_2_rawAddress(pointerToRawData)	0.0005685074513137698	0.0006990169362354732	0.0007611587173018203	0.0006173684694676121	0.0006385529534461535
pesectionProcessed_entrypointSection_characteristics_bit20	0.0006256834040469	0.0006011841430851271	0.0008630361477563927	0.0007358179090557797	0.00045421437774700076
pesection_3_size	0.0005621518003806355	0.0008712658363252497	0.0006107155447272314	0.0006760230644843122	0.0005540310267397106
pesectionProcessed_resourcesMinSize	0.000685055404172138	0.0007285880134467258	0.00064134013684261	0.0005879636359393195	0.0005247380281186091
pesection_2_virtualAddress	0.0005235005888657533	0.0006699001140111204	0.0007105876273994749	0.000629344952096207	0.0005680041022045897
pesection_2_size	0.0005561256761906926	0.000758127421280411	0.0005826487687654745	0.0006114917772942008	0.0005499559829094259
pesection_1_characteristics_bit20	0.0007596825833364145	0.00034645908820294064	0.0006263543614934673	0.0006934629180036118	0.0003827527071353651
pesection_5_virtualAddress	0.00040423524323726374	0.0005788585152381868	0.0005479041505846401	0.0005562418115379031	0.0006749193081373516
pesection_4_entropy	0.0005110280077758459	0.0005446573419395824	0.0005322390471411909	0.0005957920229856122	0.0005777513963073143
pesection_5_physicalAddress	0.0003935658232026764	0.000510168242266555	0.00047196722729713836	0.0006914374529252384	0.0006041075738583337
pesection_2_characteristics_bit21	0.0006267882747729352	0.0006706255824308239	0.0005003486541351635	0.00042312471312206746	0.00041798411866672026
pesection_3_characteristics_bit21	0.00041304113712937833	0.0004697092179107479	0.0003651548227631054	0.0007259938376475328	0.0004622989230387198
pesection_5_virtualSize	0.0003766647514562218	0.0005325674283363595	0.0004918391569198632	0.0005410205421439388	0.0004582150823577862
pesection_5_rawAddress(pointerToRawData)	0.0003536014191933942	0.00041782486823800993	0.0004762577504989993	0.0005052027467474521	0.0003971169461410395
pesectionProcessed_sectionsMinEntropy	0.0003960128721682995	0.0004997715784922876	0.000416515643142732	0.0004141433978568686	0.00039909772141979646
pesection_4_size	0.00037037231508349597	0.00038612047683065243	0.00043181366178361626	0.00047933782626970395	0.00040060740608719386
pesection_5_entropy	0.0003652730467052622	0.00044078870761356194	0.00035832726512783925	0.0003494351626504045	0.0003649534291628651
pesection_5_size	0.0003110628868700832	0.0003956151288614125	0.00031519672895076017	0.00032623350055714276	0.00034657994945094903
pesectionProcessed_sectionsMinSize	0.00034309689238948195	0.00029237345119198076	0.00027725729320916885	0.00034462896925323695	0.0003410519868168939
pesection_8_entropy	0.00024493242961227073	0.0003601186206022871	0.00024793956523912403	0.0003601071625829474	0.00029296752679649297
pesection_5_characteristics_bit21	0.00029401937194338366	0.0003487791402521563	0.00026536745319669607	0.0003036750699570537	0.000255436358534212
pesection_8_physicalAddress	0.00025022075257091926	0.00032412314734035725	0.00021425520147695825	0.00032208215125113495	0.00026444977223818967
pesection_8_virtualSize	0.00023383239831407276	0.0003152587189004161	0.00022410428400089255	0.00031361618612314973	0.00027782227385627115
pesection_6_virtualAddress	0.0001842998344462692	0.0002979162530643374	0.0003028825263136402	0.0002631359132572795	0.000281525969601828
pesection_7_entropy	0.00028316855840490406	0.000276856251397627	0.0003036035548392228	0.00027018998071529483	0.00019198553849314885
pesectionProcessed_entrypointSection_rawAddress(pointerToRawData)	0.0002295226292854902	0.0003275795312824021	0.00023039872537045759	0.00025256739305352667	0.00024256503470240832
pesection_6_entropy	0.00018949277614459654	0.00028506621143204044	0.0002804032514049151	0.00024607102626732804	0.0002613171931494864
pesection_8_size	0.00021722582754085413	0.0002960644462269142	0.00019205574564921303	0.0002906060168546709	0.00023799323861832593
pesection_6_rawAddress(pointerToRawData)	0.00018404760774341116	0.00024206017524608866	0.00022103877565246452	0.00024693310435828516	0.00021277234159155432
pesection_1_isStandard	0.00022485592416410707	0.00028425768628976753	0.0002223640587853219	0.0002091938674510983	0.00015740503726226213
pesectionProcessed_entrypointSection_characteristics_bit22	0.00016181706564696182	0.00021120110581622514	0.0002626395304132238	0.00022554009048070023	0.00022538683720371892
pesection_7_virtualSize	0.00018142944308240295	0.0002176077970166034	0.00022310740660092904	0.0002223123745089848	0.0001669893987801576
pesection_1_rawAddress(pointerToRawData)	0.000226809231382439	0.00019401070557240144	0.0001579557111413974	0.00020150104851641908	0.00021110517826529755
pesection_7_physicalAddress	0.00018622771864534678	0.00019573500932838867	0.00023766727890446585	0.00019276013570320455	0.000176512798096425
pesection_1_characteristics_bit22	0.00011018427677394734	0.00014754665668315834	0.0002277043183789269	0.0002975488855827674	0.0001326408229303674
pesection_5_characteristics_bit30	0.0001730746979014287	9.868927618626748e-05	8.65093801277723e-05	0.00034178863883405823	0.00021430962091278303
pesection_7_virtualAddress	0.00013305683769943079	0.00017918848960850423	0.0001726384327100239	0.0001793173344239116	0.00013274570840041486
pesection_6_virtualSize	0.00014225882412535014	0.0001679523580890585	0.00016205775676517332	0.00015835465386007455	0.0001635657883328747
pesection_6_physicalAddress	0.00014626100889750764	0.00017016889975632942	0.0001467959765526574	0.00016136613359760875	0.0001630997544455448
pesectionProcessed_entrypointSection_virtualAddress	0.00012414632150338042	0.00019991160797867626	0.00016330314724444028	0.0001397615258426	0.00015631215550797423
pesection_5_exists	9.084598879112621e-05	9.148268875996116e-05	9.207992380923074e-05	0.00026230356810142216	0.00022477316880863845
pesection_7_rawAddress(pointerToRawData)	0.00011757377488954075	0.00017292568647929131	0.00012489995073836318	0.00017996373929737522	0.00015770008811546754
pesection_10_entropy	0.0001028691231204655	0.00015834764705629996	0.0001510640783639242	0.00016786889713416356	0.00014545186388455132
pesection_7_size	0.0001260355461553015	0.0001528018203492307	0.00014392675173668636	0.00010830468074133935	0.00010982664300666358
pesection_10_physicalAddress	8.676511409888557e-05	0.00012503024258452927	0.00011405928463371117	0.0001448839272889285	0.00016442450041436325
pesection_8_virtualAddress	0.00010886023342119497	0.00011396677489309128	0.000130099722689222	0.00015116941029354137	0.00012653504153284614
pesection_6_size	0.00011828708273497293	0.00013588871000733577	0.00012984841445936766	0.00011340343576174799	0.00011561627004956236
pesection_10_size	8.476342953069544e-05	0.0001212143866819138	9.544828328303013e-05	0.00015084975646264368	0.0001463862885183728
pesection_8_rawAddress(pointerToRawData)	0.00011096581921429302	0.00010252660740283657	0.0001406606656606199	0.00012060952876961491	0.0001151053660854753
pesection_10_virtualSize	9.801234865893592e-05	9.810457502400407e-05	0.0001233867012338481	0.00011492478996276735	0.00014547761875258433
pesection_2_characteristics_bit31	9.835005725461953e-05	9.4764756471583e-05	8.632039829716161e-05	0.00010831498925204307	0.00010617048041844405
pesection_3_isStandard	0.00011672276804013141	0.00014475703801173045	9.034785459778548e-05	5.711896231065641e-05	7.709622976649192e-05
pesection_5_characteristics_bit29	0.00016292262202325975	0.000129664660613897	5.896149953615738e-05	6.451246193167037e-05	6.0039342278194366e-05
pesection_4_characteristics_bit30	6.745509443696944e-05	7.565958675663868e-05	0.00010134621083324563	0.0001268000250593849	8.502784273624481e-05
pesection_4_characteristics_bit29	8.762092851356887e-05	9.523342600527353e-05	0.000102509197302017	7.483247995490818e-05	7.77505654830254e-05
pesection_3_characteristics_bit31	0.00013870416581258186	0.00010170663514718836	5.9773296253654094e-05	7.197517910364674e-05	4.483921168686153e-05
pesectionProcessed_entrypointSection_characteristics_bit6	5.359878567269107e-05	5.364815820405986e-05	9.364108327147117e-05	0.00010553503549961675	8.53886300425647e-05
pesection_10_rawAddress(pointerToRawData)	6.856581292997844e-05	7.02451123777756e-05	0.00010299776848361401	8.151985585574858e-05	6.480679843750872e-05
pesectionProcessed_entrypointSection_characteristics_bit5	4.3999778346734894e-05	8.769766453385776e-05	5.059623317934233e-05	5.8325657247304874e-05	0.00014710442249270353
pesection_4_exists	5.0001212751829904e-05	7.072022041936261e-05	8.4806166234851e-05	9.335431530845994e-05	7.572315264032912e-05
pesection_5_characteristics_bit25	5.104226212276833e-05	0.00011216188462575714	8.30543849570951e-05	6.157855485049557e-05	6.318518321793362e-05
pesection_9_entropy	5.991107216549629e-05	7.337757403538213e-05	7.853427891155393e-05	8.939467821763443e-05	6.89873193158024e-05
pesection_12_entropy	8.264902103632133e-05	5.5472132919320414e-05	6.862829343981289e-05	6.770854666000705e-05	8.676379505918546e-05
pesection_11_virtualSize	7.944290756363721e-05	8.561375488659993e-05	6.373636218329659e-05	6.318885544411639e-05	6.799587886833602e-05
pesection_12_physicalAddress	8.024254844825473e-05	5.432476348102946e-05	8.687871006228874e-05	6.239029313426486e-05	7.372077050588345e-05
