ngrams feature	Bootstrap_0 Avg MDI Score	Bootstrap_1 Avg MDI Score	Bootstrap_2 Avg MDI Score	Bootstrap_3 Avg MDI Score	Bootstrap_4 Avg MDI Score
ngram_b'\x020\x000\x16\x06'	0.0022970681060842007	0.0	0.0021710709203376336	0.0021178370740107056	0.00130633237495661
ngram_b'\x000\x16\x06\x03U'	0.0021040133762297167	0.0	0.0021389723154607433	0.0019155391157444548	0.0010725206172465711
ngram_b'\x140\x12\x06'	0.0016016466871779614	0.0	0.0018854895635841626	0.00222696886866331	0.0013067684406566629
ngram_b'\x000\x16\x06'	0.0012482118677751345	0.0	0.0020937002117938377	0.000960211516031889	0.002270775412392045
ngram_b'\x140\x12\x06\x03U'	0.0011525897923670976	0.0	0.0021029970094981884	0.0017958595797701986	0.001391165172574573
ngram_b'0\x000\x16\x06\x03'	0.0017286946705611136	0.0	0.0018980385966504455	0.0012860938400741846	0.001399295926447571
ngram_b'1\x140\x12'	0.001420076834878063	0.0	0.001994955137475196	0.0014451291831403576	0.0012369350727864888
ngram_b'tamp'	0.000954348459252999	0.0025250253396779006	0.000377533680596582	0.0007074245713187935	0.0015177235721810106
ngram_b'0\x000\x16'	0.0016424507875366476	0.0	0.0011370521368864318	0.0017597322709189504	0.0012556412344774716
ngram_b'\x04\x020\x000\x16'	0.0018700930678047657	0.0	0.0016056469348916809	0.0012859722530453792	0.0009773370710832968
ngram_b'0\x12\x06\x03U\x04'	0.0012347934937644949	0.0	0.0015126872451645664	0.0016994467432747268	0.0012243319857841801
ngram_b'://w'	0.0010013774012809643	0.0018274875113301118	0.0010046970712054653	0.0007221617919547483	0.000734904137841219
ngram_b'1\x140\x12\x06\x03'	0.000548002499328077	0.0	0.001988402816816575	0.0012883081198812047	0.0013043076936879207
ngram_b'0\x16\x06\x03U\x1d'	0.0009212589407430307	0.0	0.0008409897046641965	0.0011407005619959941	0.0019057855619235662
ngram_b'tp://w'	0.0007760845198903079	0.0012737326615220254	0.0011123005611887134	0.000819756464947382	0.0007748274171278807
ngram_b'p://ww'	0.0008787994170966308	0.0012868302652763934	0.0008557198393193148	0.0006708843239229491	0.000613217460974346
ngram_b'\x00\x00\x01\x00\x04\x08'	0.0007062334001723521	0.0009486956793821266	0.001030927295178665	0.0008970502876178947	0.0006930601402684292
ngram_b'\xff\x04\x0c0\n\x06'	0.000651165559694845	0.0	0.001060078094249653	0.001187401503953894	0.0013087397076318773
ngram_b'\xff\x04\x0c0'	0.001087767820412197	0.0	0.0008118083478111974	0.0008550765662873111	0.0013620401016538335
ngram_b'\x01\xff\x04\x0c0\n'	0.0005438899425411198	0.0	0.0007681976800853721	0.0009968190107839455	0.0017156873731782158
ngram_b'U\x1d%\x01'	0.0008348354279077766	0.0	0.0008094039825627236	0.0007674095564653127	0.0015553883110925129
ngram_b'02\x06\x08+\x06'	0.001028573606189006	0.0	0.0009532933663721286	0.0010069396919248806	0.0008525015542876607
ngram_b'2\x06\x08+\x06\x01'	0.0012239388969362485	0.0	0.0011307175360527222	0.0009115787024094978	0.0005573425994406387
ngram_b'\x01\x01\x04g'	0.0006799301748729326	0.0	0.00155410438362476	0.0	0.0015447145517406074
ngram_b'0s\x06\x08'	0.0008180214328237708	0.0	0.0010395707128497038	0.0	0.0018914469954415547
ngram_b'2\x06\x08+'	0.0011878303411489675	0.0	0.0012142185191628633	0.0007631894296618761	0.0005834317031903006
ngram_b'\x01\x00\x04\x08\x00\x00'	0.0009562484527033401	0.0	0.001110120655499988	0.0008217549180167792	0.0008410285241735411
ngram_b'302359'	0.0008588732206605323	0.0	0.0006834775512815384	0.001005877101682408	0.0011439057113283046
ngram_b'\xf4\x02\x01\x01'	0.0014986182035064198	0.0	0.0007530951767646839	0.0004719679541170628	0.0008804461778092604
ngram_b'\x03U\x1d%\x01\x01'	0.0009052055803319076	0.0	0.0006646412012379307	0.0007161030651952705	0.0013124392414341711
ngram_b'\x1d%\x01\x01'	0.0007453152399896329	0.0	0.0011027374461506985	0.0005043737131635452	0.0012353795581672225
ngram_b'Z0b1\x0b0'	0.0002717025308070469	0.0	0.000758095877847875	0.0011392400410985902	0.001380987095235871
ngram_b'\x01\xff\x04\x0c'	0.0012177418467013807	0.0	0.0008339775188794796	0.0006794351583707845	0.0008092831204588154
ngram_b'0\x16\x06\x03'	0.0006628311625388348	0.0	0.0012147660655390893	0.0004325243961039517	0.0011589618943811085
ngram_b'%\x01\x01\xff\x04\x0c'	0.0007020449351717393	0.0	0.0006726741940546024	0.0008720744041010147	0.0011672642254696428
ngram_b'\x01\x01\xff\x04\x0c0'	0.0006203629846946408	0.0	0.0010338123360213287	0.0007789613974178291	0.00090589906065047
ngram_b'\x01\x04g0e0'	0.0007946467725100298	0.0	0.0011117867763477452	0.0	0.001391035115173114
ngram_b'p://'	0.00027747258929353743	0.001250440919798241	0.0007593660645384445	0.00032509565738969733	0.000679623848946219
ngram_b'\x00\x01\x00\x04\x08\x00'	0.000839140210375669	0.0	0.00088767388732336	0.0009225311490687657	0.0005424717108886536
ngram_b'\x06\x03U\x1d%\x01'	0.00043810243666229687	0.0	0.0005260511670011548	0.0010837852409828982	0.0010341990558764712
ngram_b'\x01\x01\x04g0e'	0.0005704421970579571	0.0	0.001372341311683557	0.0	0.0011209468427436213
ngram_b'Z0b1'	0.0002755995918669981	0.0	0.0003270823876936618	0.0012025346991380804	0.001250247790339672
ngram_b'U\x1d%\x01\x01\xff'	0.000879522637014438	0.0	0.0005807537400185526	0.0006414203246325225	0.0009518524569040581
ngram_b'\x1d%\x01\x01\xff\x04'	0.0005177949873353891	0.0	0.0006865451029084897	0.0010256221309563863	0.0008001604806603058
ngram_b'%\x01\x01\xff'	0.0006237034943403702	0.0	0.0005371146997628134	0.0007817093370267505	0.0010653653956331317
ngram_b'\x16\x06\x03U\x1d%'	0.0007376291227913065	0.0	0.0006188985379364395	0.0010114417301173065	0.0006269154217217737
ngram_b'4\x000\x009\x00'	0.0010922024998790436	0.0	0.0	0.0018857922319691488	0.0
ngram_b'\x1c\xd8\x04u0\x82'	0.0003574461062479745	0.0	0.0006756378832567986	0.0008892118487624702	0.001042519178437325
ngram_b'0s\x06\x08+\x06'	0.00033422216996304094	0.0	0.0013018366506579442	0.0	0.0011449954892124086
ngram_b'\x07\x01\x01\x04g0'	0.0001745091357157252	0.0	0.001528306376353748	0.0	0.0010223380620834445
ngram_b'//ww'	0.000488315602087532	0.0013272348806624749	0.000312104591801236	0.00033224999729428064	0.00024028022489681793
ngram_b'20\x1e\x17\r1'	0.0009282776463619002	0.0	0.0014786884721665673	0.0	0.00028263624895056514
ngram_b'\xbc\x1c\xd8\x04u0'	0.00018171111842818952	0.0	0.0007181363371936006	0.0008214798620873539	0.0009116927517484183
ngram_b'\x05\x07\x01\x01\x04g'	0.0002589829706088409	0.0	0.0009978930862180576	0.0	0.001367229499628328
ngram_b'02\x06\x08'	0.0009084327045085074	0.0	0.0008801010134677062	0.0002859858846469406	0.0005253063561944545
ngram_b'0\x1e\x17\r12'	0.0007024106578585206	0.0	0.00012448373758015114	0.0004826784657293538	0.0012756164347441997
ngram_b'b1\x0b0\t\x06'	0.000130198395287194	0.0	0.0006074478128269899	0.0003794886574326279	0.0014565149416844564
ngram_b'  --'	0.00048596877265250505	0.00046487995311328835	0.0002590675079662436	0.00041692868466640024	0.0009408216215038552
ngram_b'desc'	0.00024654530491763555	0.0004502041013092442	0.0006219568687488648	0.0006392288639710046	0.0005775158108983936
ngram_b'\x01\x04g0'	0.0003422762417470578	0.0	0.00128393537696887	0.0	0.0008957446989272678
ngram_b'fals'	0.0004796578856133077	0.0007133555858583274	0.0003993491892970775	0.00048564666050842677	0.00043505433848633427
ngram_b'ecture'	0.00014129115179797514	0.0010076794969724342	0.00043392889355444754	0.0003250359600229351	0.0005874841355485207
ngram_b'eque'	0.0003206562460961725	0.0007985836201151412	0.0003740843856844823	0.0004886081169748604	0.00047249527373479305
ngram_b'cces'	0.0003175472871669621	0.0007570959604767999	0.00026787444728600644	0.000565084433080398	0.0005418044124996227
ngram_b'\x004\x000\x009'	0.0008991546087260887	0.0	0.0	0.0015241251482918379	0.0
ngram_b'b1\x0b0'	0.00018301791222235717	0.0	0.0002304032132720618	0.0005120526138750664	0.0014923917089761354
ngram_b'www.'	0.00026822423347699377	0.0011758376313082167	0.0003530987529600364	0.00034365306936197246	0.0002303382933822896
ngram_b'://www'	0.0002769839565047928	0.0012251070466955207	0.0003492410287734407	0.0002794342728890966	0.00022927623749405425
ngram_b'tp:/'	0.00023849360921042272	0.0008619093113831873	0.0004645188546308256	0.0004151530619084341	0.0003774261215151128
ngram_b'2.cr'	0.0008702751408687524	0.0	0.0005823542326837225	0.0004270742771748429	0.000462016452280981
ngram_b'_iob'	0.0005586895949136834	0.00024174502850350435	0.00023814877491129373	0.000628730081815892	0.0006371839872985885
ngram_b's\x06\x08+\x06\x01'	0.00033928723314112323	0.0	0.0009357283522596755	0.0	0.0010236147347124393
ngram_b'/www'	0.0003346852115076358	0.0008615229292416319	0.00027119102858716947	0.0003895180348041766	0.0004340687410919728
ngram_b'\xd8\x04u0'	0.00031448434637477605	0.0	0.0004933266716035013	0.0009368441324379588	0.0005313656106905975
ngram_b'\xff\xff\xff\x8b'	0.00025822808233411966	0.0	0.0009467878932702064	0.0004502557329014221	0.0006184786258880452
ngram_b'tectur'	0.00013669871964040807	0.0009415981026916654	0.0002476691158293623	0.0003860470084661179	0.0005586138013473848
ngram_b'meStam'	1.3711985554154559e-05	0.001955054264048583	3.5867543227383744e-05	3.423232191255208e-05	0.00022811865698968355
ngram_b'imes'	6.081624538870527e-05	0.001343210500510863	7.450277561236189e-05	6.11702553794137e-05	0.0007157057791695135
ngram_b'xit\x00'	0.0002557123499235341	0.0003616202572685568	0.0004571520393152954	0.0005610927550238423	0.000577584540261896
ngram_b'\x00\x01\x000\x004'	0.0009786731513085369	0.0	0.0	0.0012193193463890248	0.0
ngram_b'eStamp'	3.8862080788179845e-05	0.0018014375416885125	1.1517422530042193e-05	7.488267982976776e-05	0.00026873925023536513
ngram_b'\x82\x88]\xf0'	0.00033019246269227646	0.0	0.0006965025262632425	0.0006192111325843333	0.0005226706987477843
ngram_b'/des'	0.0003343812366313413	0.0005358863622130841	0.00046141052471159914	0.00045375553548847064	0.00037556421636922527
ngram_b'\x16\x06\x03U'	0.0005081932240563328	0.0	0.00046824254656144504	0.0005630228405518812	0.0006141656030399358
"ngram_b'20\x82\x01""0'"	0.0009681794438482691	0.0	0.0007603700290023982	0.0	0.0004243816636232319
ngram_b'20\x1e\x17'	0.00033606574529506696	0.0	0.001555177142348877	0.0	0.0002503176846658871
ngram_b'edEx'	0.0003113487623198353	0.0007848453642582317	0.0002387178702710178	0.0004890491444339373	0.00030162983431190096
ngram_b'2oNW'	0.00042738311942901056	0.0	0.0006861549686063095	0.0005378229765373961	0.00045601929663966455
ngram_b'   t'	0.0002932788089283163	0.0003907064329220347	0.00043456333000838846	0.00047946937213420046	0.0005090678274247116
ngram_b'http:/'	0.00019241468375274718	0.0009066013368698366	0.0004339200770413277	0.0002897179267204615	0.0002809972358067599
ngram_b'exit\x00\x00'	0.00025139366311751726	0.000318790392598939	0.00041435919384951657	0.0006194937832982628	0.0004951752670847773
ngram_b'    pr'	0.0003496149306097786	0.00035343942330037234	0.0003811627207074014	0.0004398391159778956	0.0005728431538049637
ngram_b'rt.dll'	0.0008049324703393361	0.0007424707825044137	0.0	0.0	0.000544741552707287
ngram_b'\xfa0\x81\xf7'	0.0006596863116287174	0.0	1.2463531390136792e-05	0.0008669671210301188	0.0005333593635019523
ngram_b'0b1\x0b0\t'	0.0005329125768600132	0.0	0.0001419846816223364	2.887201323275915e-05	0.0013682431892641312
ngram_b'   p'	0.00039078641901359927	0.00036787434721206067	0.0002812774274398434	0.000473795731698031	0.0005520324228699029
ngram_b'0\x009\x000\x00'	0.0008739474816929504	0.0	0.0	0.0011836065497329038	0.0
ngram_b'//www.'	0.0003388239980421408	0.0007756079969186076	0.0003366746378666527	0.00032937491025578937	0.0002718004707918544
ngram_b'ttp://'	0.00020705933252826805	0.001046470700983088	0.0002733245220860544	0.00022438088140671846	0.00029573879290944094
ngram_b'\r20122'	0.0003211626644601506	0.0	0.0004091345476254633	0.0013067974296104156	0.0
