opcodes feature	Avg MDI Score
opcode_add	0.0005098989442505384
opcode_add add	0.0004801005518337398
opcode_mov	0.0004674416428266448
opcode_nop add	0.0004558260754992683
opcode_push	0.0004183867678706877
opcode_mov jne lea	0.00039059855590430515
opcode_add add jmp	0.0003841984142217307
opcode_sbb	0.00038306590360347143
opcode_and xor mov	0.00037955930434829013
opcode_sub sbb	0.0003770257063475988
opcode_sbb add	0.0003653924067797057
opcode_xor	0.00036424543642280395
opcode_mov mov	0.0003549302795947306
opcode_pop	0.0003544610563048909
opcode_in	0.0003533721670704559
opcode_repne scasb	0.00035110825427724253
opcode_add adc	0.00034997424463917455
opcode_add xor cmp	0.00034943942627893197
opcode_sub	0.000339486335875708
opcode_cmp	0.00033040613554841
opcode_add mov	0.0003272048109258123
opcode_add add add	0.00032682049430727476
opcode_pop inc add	0.00032616726931426033
opcode_mov mov mov	0.0003114626163730488
opcode_mov and xor	0.00030852608782720216
opcode_call push push	0.00030830321746137134
opcode_push push	0.0003066237421581216
opcode_jmp	0.00029954829598975735
opcode_inc add pop	0.0002986007317776405
opcode_test	0.00029708338626209963
opcode_push call push	0.00029604251997316337
opcode_inc	0.0002950210001023756
opcode_adc	0.00029457294591020867
opcode_ja movzx jmp	0.00029278918099529796
opcode_call	0.0002925374987410315
opcode_or	0.00028913011960131075
opcode_ret jmp jmp	0.00028534187468831195
opcode_dec	0.00028399831910305956
opcode_dec jne jmp	0.00028386666395464037
opcode_je	0.00028282392952651996
opcode_lea	0.00028041634897981333
opcode_and	0.0002802773914232052
opcode_mov push	0.0002782201607666327
opcode_or je	0.0002724927666528059
opcode_shr add cmp	0.00027194926429835263
opcode_mov movzx shl	0.00027082622290952683
opcode_push mov	0.00027050362841862737
opcode_ret	0.0002703282882029701
opcode_mov add	0.00026895190983156883
opcode_stosw	0.000268782899217219
opcode_inc dec	0.0002676256224514206
opcode_dec and	0.0002672970086685865
opcode_jmp cmp jl	0.0002646033735492239
opcode_inc add push	0.0002630584091815877
opcode_xchg	0.0002603440281546326
opcode_push push call	0.0002589212585055969
opcode_sub cmp jl	0.0002587871479246829
opcode_push push push	0.00025842808973642955
opcode_jne	0.0002573545857328282
opcode_call add	0.0002544970827705167
opcode_push call	0.00025341781141457456
opcode_add pop inc	0.0002519088265156684
opcode_dec inc	0.0002518497670756335
opcode_or shl	0.00024974694547447694
opcode_add mov add	0.0002486843502815311
opcode_jge add	0.0002462456456606845
opcode_pop or pop	0.0002458940421931334
opcode_imul	0.00024499976791440196
opcode_call push	0.0002445329224718279
opcode_shr rep movsd	0.00024333981251297695
opcode_call mov	0.00024285527196344047
opcode_mov cmp	0.00024277489921713347
opcode_mov sub	0.00024209161652770508
opcode_int3	0.00024163822368057116
opcode_and inc	0.00024096600755171295
opcode_add mov test	0.0002407161062562871
opcode_mov mov add	0.00023711478277021087
opcode_add inc	0.00023589494519686503
opcode_mov add mov	0.0002341569304993297
opcode_add push	0.00023173562811656603
opcode_mov inc test	0.00023159205031162352
opcode_inc inc dec	0.0002304432050080445
opcode_fstp push	0.0002298800577816575
opcode_test je push	0.0002293906021958797
opcode_jl mov push	0.00022898814987544567
opcode_inc test jne	0.00022839571188752386
opcode_xor div mov	0.00022662481299440444
opcode_add push push	0.00022661007501782304
opcode_add test	0.00022604468815173574
opcode_mov xor	0.00022419536847934025
opcode_insb	0.00022414718949692142
opcode_inc add	0.0002240173570976495
opcode_je call add	0.00022289965085635146
opcode_call mov mov	0.00022147175343701
opcode_mov call	0.0002212009046244653
opcode_jne or push	0.00022115558218408502
opcode_sub mov	0.00022091891106441487
opcode_add mov adc	0.0002208488035952148
opcode_outsb	0.0002207829344602881
opcode_popal	0.00022023812831246532
