ngrams feature	Avg MDI Score
ngram_b'\xff\xfb\xff\xff'	0.00018003849369838554
ngram_b'K\x00\x00\x00'	0.00017328339354559893
ngram_b'\x00\x00\x00\x00\x001'	0.00017002359595131715
ngram_b'\x00\x00?\x00'	0.0001557579061699516
ngram_b'\x00\x00\x00?\x00\x00'	0.00015088937408972648
ngram_b'\x00\x01\x00 '	0.00015044800072629676
"ngram_b""\x00\x00\x00'"""	0.00014887685070577285
ngram_b'1\x00.\x00'	0.00014514467531366414
ngram_b'\x00\x00\x00\x00?\x00'	0.00014416250921176518
ngram_b'\x001\x00.'	0.0001432146980110092
ngram_b'\x00\x00?\x00\x00\x00'	0.00013973229621685679
ngram_b'.\x000\x00'	0.00013931709454489984
ngram_b'\x01\x00\x02\x00'	0.00013923234438460575
ngram_b'\x00\x00\x00\xaf'	0.0001377058714543016
ngram_b'\x00\x01\x00\t\x04\x00'	0.00013532149146470293
ngram_b'\x00\x01\x00\x02'	0.00013254318460689124
ngram_b'3\x00\x00\x00\x00\x00'	0.0001310291865230186
ngram_b'0000'	0.00013059797593147982
ngram_b'\x00\x00\x00\xe0\x00\x0f'	0.00012918259473687947
ngram_b'\x00\x00\x01\x00\t\x04'	0.00012817934519784044
ngram_b'\x00\x00\x00\xaa'	0.00012817592922574617
ngram_b'F\x00\x00\x00\x00\x00'	0.00012803224450267785
ngram_b'\x00\x00\x02\x00\x00\x04'	0.00012757174011456367
ngram_b'\x00\x00\x01\x00\x02\x00'	0.00012669857167778157
ngram_b'\x01\x00\t\x04\x00\x00'	0.0001255089819801884
ngram_b'\x11\x00\x00\x00\x00\x00'	0.00012518069003262136
ngram_b'S\x00\x00\x00\x00\x00'	0.00012505842678897674
ngram_b'\x02\x00\x01\x00'	0.00012463595597633417
ngram_b'\x00.\x000'	0.00012444016365022282
ngram_b'\x00\x002\x00'	0.00012339264026630894
ngram_b'\x00\x006\x00'	0.00012303241629547454
ngram_b'\x19\x00\x00\x00\x00\x00'	0.00012204770572769768
ngram_b'\x14\x00\x00\x00\x00\x00'	0.00012199604320813461
ngram_b'4\x00\x00\x00\x00\x00'	0.0001214586392761608
ngram_b'\x00\x00\x01\x00 \x00'	0.00012086460362678445
ngram_b'(\x00\x00\x00 \x00'	0.00012059330795796061
ngram_b'}\x00\x00\x00'	0.0001205660443613728
ngram_b'\x00\x00@.'	0.0001202660252166767
ngram_b'\x00\x00\x00\x87'	0.00011900902174195441
ngram_b'\x0f\x01\x0b\x01'	0.00011899156245678338
ngram_b'\x04\x00\x00\x00\x01\x00'	0.00011851178653099091
ngram_b'\x00\x00\x00\x01\x00 '	0.00011775785016005796
ngram_b'\x1b\x00\x00\x00\x00\x00'	0.00011633047992177535
ngram_b'\x00\x02\x00\x00\x04\x00'	0.00011627736890634476
ngram_b'\x00\x00\x80\x0e\x00\x00'	0.00011580115597414525
ngram_b'\x00\x00\x1a\x00'	0.00011555074463322394
ngram_b'\x01\x00 \x00\x00\x00'	0.00011525117183814034
ngram_b'\x00\xe0\x00\x0f'	0.00011487042516637267
ngram_b'\x00\xe0\x00\x00\x00\x00'	0.0001141803009043932
ngram_b'\x00\x10\x00\x00\x00\x10'	0.00011380852180525752
ngram_b'\x00\x80\x0e\x00\x00\x00'	0.00011349414305132257
ngram_b'\x01\x00\t\x04'	0.00011278785660057962
ngram_b'\x03\x01\x00\x01'	0.00011273236934783832
ngram_b'\x00\x04\x00\x04'	0.00011273069775402226
ngram_b'%\x00\x00\x00\x00\x00'	0.00011169322219149458
ngram_b'8\x00\x00\x00\x00\x00'	0.00011155293465596052
ngram_b'\x00\x00P\x01'	0.00011148229295122978
ngram_b'\x01\x01\x01\x05'	0.00011143059562564097
ngram_b'lt\x00\x00'	0.00011050121184992361
ngram_b'\x01\x00 \x00'	0.0001104215300240408
ngram_b'\x00 \x00\xa8\x10\x00'	0.00011027181466034312
ngram_b'\xc9\x00\x00\x00'	0.00011015201611219495
ngram_b'\x00\x00\x00\x82'	0.00011014324211002398
ngram_b'\xd1\x00\x00\x00'	0.00011008845941336532
ngram_b'@\x00\x00\x00\x01\x00'	0.0001098442757122773
"ngram_b""\x00\x00'\x00"""	0.00010976856948111105
ngram_b' \x00\x00\x00@\x00'	0.00010937970396964749
ngram_b'\x80\x05\x00\x00'	0.0001092139961428054
ngram_b'\x00\x01\x00 \x00\xa8'	0.00010876430772114318
ngram_b'*\x00\x00\x00\x00\x00'	0.00010866770278422825
ngram_b'\x00\x01\x00 \x00\x00'	0.00010843375039272514
ngram_b'\x00 \x00\x00\x00@'	0.00010841298938990345
ngram_b'\x00\x00\xff\xff\xff\x00'	0.00010828744831412342
ngram_b'6\x00\x00\x00\x00\x00'	0.00010795760998872617
ngram_b'\x00\x04\x00\x00\x00\x01'	0.00010782628594939549
"ngram_b""\x00'\x00\x00"""	0.00010780961921701218
ngram_b'\xff\x00\x00\xff\x00\x00'	0.00010777461324084985
ngram_b'\x00\x01\x00\t'	0.00010731805291028013
ngram_b'\x00\x80\x03\x00\x00\x00'	0.00010721747014918143
ngram_b'\x00@\x00\x00\x00\x01'	0.00010662863749322528
ngram_b'\x00(\x00\x00\x00 '	0.00010655153094138224
ngram_b'\x00 \x00\xa8'	0.00010654882864150495
ngram_b'\x00@\x00\x00@.'	0.0001062760582952251
ngram_b'\x00\xe4\x04\x00\x00\x00'	0.00010501920515100334
ngram_b'\x00\x00\x00Exi'	0.00010455694628011597
ngram_b'ping'	0.00010418785367981539
ngram_b'\x00P\x01\x00'	0.00010404793506379904
ngram_b'\x00\x00\x18\x01'	0.0001038927399200161
ngram_b'\x00\x80\x00\x80\x80\x00'	0.00010334766355557833
ngram_b'\xa8\x10\x00\x00'	0.00010330346226220278
ngram_b'\x01\x03\x00\x00'	0.00010319907658566318
ngram_b'\x00\x00\xf8\x00'	0.00010291902560539421
ngram_b'\x80\x00\x00\x80\x00\x00'	0.00010290279910611011
ngram_b'.rdata'	0.00010271965078553869
ngram_b'\x0f\x00\x00\x00\x00\x00'	0.00010258484571543536
ngram_b'\x00\x00\xd0\x00'	0.00010218179000814496
ngram_b'work'	0.00010214555485562184
ngram_b'\x1a\x00\x00\x00\x00\x00'	0.00010195567964717747
ngram_b'\x00\x00\x80\x80\x00\x80'	0.00010155151787392765
ngram_b'\xff\xff\x00\xff'	0.00010131564908903621
