header feature	Bootstrap_0 Avg MDI Score	Bootstrap_1 Avg MDI Score	Bootstrap_2 Avg MDI Score	Bootstrap_3 Avg MDI Score	Bootstrap_4 Avg MDI Score
header_SizeOfImage	0.0013225811661448264	0.0017946223725531104	0.001571982851032291	0.0016063475725542863	0.0016176002584533603
header_SizeOfInitializedData	0.001071509715507779	0.0012924238817232155	0.0010339644610293532	0.0011981859499596704	0.0011411053200277338
header_AddressOfEntryPoint	0.0007110931934431933	0.0008712170352279108	0.0008425382693616667	0.0008424553447197003	0.0008790217368883921
header_SizeOfCode	0.0007253173071554923	0.0009097361821218833	0.0008071634929705257	0.0007724289302472713	0.0008106973463857638
header_BaseOfData	0.0006093003983820863	0.0008412360198038352	0.0007411606110037153	0.0007502597626548003	0.0007086114201552459
header_NumberOfSections	0.0003447767881283525	0.0002805166680715707	0.00036462163096925604	0.0003692210544161341	0.0004000641138374625
header_BaseOfCode	0.00024885646552462405	0.0002817422917562357	0.0003958170777913395	0.0003989782588757557	0.0003369021385058779
header_SizeOfUninitializedData	0.00021542518163122085	0.0002684798508093803	0.00037401512022576923	0.0003405146461986296	0.0003286799583147418
header_SizeOfHeaders	0.00023007671841527465	0.00023654093922468051	0.0002729004894436463	0.00025635328069660297	0.00016796564615762196
header_characteristics_bit2	0.00011269981092966333	0.00020081881281045448	0.00020925733972402064	0.00020943197781964998	0.00011382159251719322
header_characteristics_bit3	0.00013867280021233208	0.0001722643292356228	0.00020700948915797576	0.0001342532802221594	0.00011417464654816994
header_characteristics_bit0	0.00011501987581100501	0.00016441787397014087	0.0001503974581575892	0.00013066336677712128	0.00011047668274412319
header_FileAlignment	8.072336148447355e-05	7.565571259250125e-05	0.0001093458652280436	0.0001033007649864351	7.295942334230719e-05
header_characteristics_bit4	6.737656424797384e-05	3.006543206955705e-05	0.00014113225316107764	7.45366298950695e-05	5.2803845332608616e-05
header_ImageBase	5.6378358634612216e-05	8.405694763838078e-05	6.749818423156788e-05	7.11684892011748e-05	8.075326925293384e-05
header_characteristics_bit5	5.2845287346137844e-05	9.646811803599797e-05	5.771091269379554e-05	4.0609834729954595e-05	5.5796596466425485e-05
header_characteristics_bit9	4.735278268855442e-05	4.5665810658409436e-05	5.823740542258535e-05	6.144611929865642e-05	3.4648653740082695e-05
header_characteristics_bit15	6.254851199898257e-05	5.363303531586432e-05	3.9653048213295486e-05	4.1934230179067994e-05	4.6802688182686744e-05
header_characteristics_bit7	4.272680984934305e-05	4.926026333137457e-05	5.42582236732597e-05	3.993446718438962e-05	4.023965116666242e-05
header_characteristics_bit10	1.3263174142729274e-05	4.119145880881927e-05	9.140883341266369e-06	1.9269162384192144e-05	2.2369588117860844e-05
header_SectionAlignment	1.702548256358588e-05	2.490406516987701e-05	2.4026345060230016e-05	1.76299886672276e-05	1.903228997702897e-05
header_characteristics_bit8	9.711378271429183e-06	7.4128691795683285e-06	1.1756410761024753e-05	7.627614658371798e-06	1.4780140925573112e-05
header_characteristics_bit11	3.7136889750397577e-06	2.2714018389124987e-05	9.95430086644887e-06	1.0360789189301788e-05	4.436792436548237e-06
header_characteristics_bit13	0.0	0.0	0.0	3.2665312811496464e-06	1.0581351308146684e-05
header_characteristics_bit12	7.000490767028704e-07	1.3915554944304635e-06	2.867832593734604e-07	0.0	7.039631733286397e-07
header_characteristics_bit6	7.613868462601831e-07	5.391805528958275e-07	4.3575064038644646e-07	6.248668498965809e-08	9.293292343658675e-08
header_SizeOfOptionalHeader	0.0	1.722545771955428e-07	0.0	0.0	1.713986559844266e-07
header_characteristics_bit14	0.0	0.0	0.0	1.600218725629934e-07	1.3054082733502354e-07
header_characteristics_bit1	0.0	0.0	0.0	0.0	9.632326784772876e-08
