strings feature	Bootstrap_0 Avg MDI Score	Bootstrap_1 Avg MDI Score	Bootstrap_2 Avg MDI Score	Bootstrap_3 Avg MDI Score	Bootstrap_4 Avg MDI Score
str_.idata	0.0006742874640693286	0.0004917144472655255	0.00033471740172994716	0.0006572487557230886	0.0007635447500741568
str_exit	0.00040442686661539934	0.00029692006527407195	0.0007017685370692219	0.0008032934474144498	0.0005825915390195982
str_CreateThread	0.00030753840627305805	0.00037015299072849013	0.0004594506171073106	0.0003575886452311277	0.00027914744743926694
str__cexit	0.0003277003352493499	0.00023387739188752808	0.00026606593206002194	0.00023481740153426996	0.0006215604723982251
str_L$ H	0.00027154425862008783	0.00028852131902731853	0.00037532394144130414	0.0003291969143027314	0.00029271844459387005
str_:0806	0.00023109290567337846	0.00019748401094781473	0.00033230305510549666	0.00028713204725053595	0.0003807861464526216
str_CopyFileA	0.00030341572383129977	0.00030604164709271346	0.00030186242110501833	0.000231101163220347	0.0002330625113220399
str_MSVCRT.dll	0.0003442590272486657	0.00014947448418494957	0.00023876555002714449	0.0003437903030167858	0.00029312753242119894
str_<assemblyIdentity	0.00012950248789801177	0.00017649457493395013	0.0003329989142889584	0.0003512518532728427	0.0003581489387747264
str_WinExec	0.0002294037797382391	0.0002459685807507287	0.0003077677597795263	0.00016226109013341679	0.0002981008048099208
str_CreateToolhelp32Snapshot	0.000241306562824841	0.00021534789045856133	0.0002878132072425943	0.00028289227684161905	0.00020118955899421894
str_WININET.dll	0.00019303810070812782	0.0002397603077196062	0.0002764797361253865	0.00029954631825670277	0.00020324187148149385
"str_processorArchitecture=""x86"""	0.00013351378852803189	0.00021457252625765402	0.00021370461067042072	0.00031423661552009135	0.00029782435550017013
str_D$ L	0.00025438574561163004	0.00019089884916081645	0.00028274329663595545	0.00030858411504810774	0.00012078086875611564
str_D$@H	0.00018900835320122738	0.0002723666582005423	0.00019657388674256473	0.00018299385364708496	0.0002466076978660478
str_VirtualAlloc	0.0001784091869726846	0.00019449427941533752	0.00021123721969008744	0.00025364437126008173	0.00023567835139107538
str_Sleep	0.00019473764129590408	0.0002049088487189708	0.0002416539995269644	0.00018189185860656513	0.00021155221987067575
str__except_handler4_common	0.0001689034671590043	0.00015420919252935963	0.00016785576584442164	0.0002574589267611308	0.0002462650495333916
str_KERNEL32.dll	0.00015484106333544834	0.00026155041638912185	0.00015427119846120297	0.0002319702721867629	0.00017293882281720606
"str_language=""*"""	9.112729114914225e-05	0.00014570510782726796	0.00018063298741951276	0.0001877599292665814	0.00036543227875828025
str_GetStartupInfoA	0.00017672773719880466	0.00017023213579711482	0.0002084159874563576	0.00022184477625284294	0.00019066009843835945
str_LoadLibraryA	0.00014898288420669113	0.0002892996100069653	0.00022092983375869576	0.000199617623151866	9.73423471647092e-05
str_ShellExecuteA	0.00014258256927900177	0.00018141563086254844	0.0002669361810866002	0.00021654662088415564	0.0001288792896857334
str__amsg_exit	0.00017946329879140802	0.00016123061925762302	0.00022015962833210964	0.00012885198725039076	0.00022889043177522027
str_D$`H	0.00015617029683211704	0.0001640140482229973	0.0001855366546388577	0.00025396478876928456	0.000155334269232215
str_Process32First	0.00017103710413147538	0.0002476481732109839	0.00019756705453749898	0.00016982536978240578	0.00011665263401930787
str_D$HH	0.0001724591858903323	0.00014636424082605984	0.00027359631788362884	0.0001678795541742168	0.00013825350087541855
str_VirtualAllocEx	0.00012919727011185744	0.00015564455015561115	0.00017821128813359037	0.0002977764866226396	0.00013264901770300417
str_kernel32.dll	0.00012311849701668705	0.00019750207565726285	0.000199687511594645	0.00021055572419086612	0.00015435035123536684
str_malloc	8.859396416174264e-05	0.00011980577411547148	0.00017895646323962035	7.806852506402218e-05	0.0004089261553253663
str_Process32Next	0.00015366865000042274	0.00024495882080612894	0.0001697455652142054	0.00019816613370201574	0.00010432102395746553
str_GetFileSize	0.0001438264568549451	0.00021306176299037125	0.00018374904941852172	0.00021443463525532618	0.00011379979257614459
"str_<?xml version=""1.0"" encoding=""UTF-8"" standalone=""yes""?>"	0.000245517756954801	0.0001683089733078552	0.00018228359707427372	0.00012126431010584563	0.00014073842585575307
str_DDDDD	0.00012075651094365034	0.00017597481228828326	0.0001571695503426826	0.00018475347567474426	0.00020183977172680127
str_D$PH	0.00012695949599944063	0.00012360461984000292	0.0002105028743419212	0.00022346612226845547	0.00015581729142214563
str_FindFirstFileA	0.00017729122259452308	0.0001489287419263611	0.00017651616054670057	0.0002285403770571297	0.00010868928883062543
str_UPX1	0.00013633834050397686	0.000156428546904493	0.00018443839855490735	0.00022089541024404797	0.00011861778559357483
str_wsprintfA	0.00013811282053099354	0.00016381305868625755	0.00017014397335345837	0.0001412836273518885	0.00020071262574712328
"str_type=""win32"""	0.0001336886289055647	0.00013943377081931084	0.00015281127858183177	0.00015008108641063894	0.00023422479016550396
str_D$(H	0.00012600023233699684	0.00015700318432115658	0.00020373304463974193	0.0001925416083956312	0.00011846594582536024
str_WS2_32.dll	0.00013384414973068636	0.0002189396192707673	0.00012119444259246412	0.00016496110206043745	0.00014710590719530856
str_wwwwwwwxp	0.00013624152622895678	0.00022129255212128694	0.00012621276635181464	0.00014214916611656841	0.0001514464864547284
str_GDI32.dll	9.505621805823363e-05	0.00014801393922992228	0.00020702323495240543	0.00016802798143738135	0.0001583168667374716
str_D$XH	7.665317429108613e-05	0.00011773804606705378	0.00017803435231824273	0.0002241949519934082	0.00017930980386293236
str_wwwwwx	0.00012813414427346206	0.00016961724027055454	0.00016635847170682242	0.0001411377434986685	0.00016635824789034228
str_FPUMaskValue	0.00018717703996758424	0.0001653411685048827	0.0001366480059572242	0.00017738839424321322	0.00010410533162535339
str_RegSetValueExA	0.00010241895121934515	0.00018772161102401837	0.00017951417810030897	0.00014708517391259408	0.0001515337697012361
str_SOFTWARE\Borland\Delphi\RTL	0.00018519413510348468	0.00015603371864019903	0.00017359405565210625	0.00013745319499550103	0.000110035882406821
str__iob	0.00012297348332920946	8.2453843763381e-05	0.0001244137212239712	0.0001932746992827301	0.00023775495921974683
str_KERNEL32.DLL	0.00010074511633182712	0.0001790569023912167	0.00018634131732243512	0.00019716432326890584	9.661931297702498e-05
str_D$0H	0.0001424794242191575	0.0001390522212502371	0.0001743382887854122	0.00015665578533813058	0.00014342911384422624
str_VirtualProtect	0.00011431428703566248	0.0001531534339225519	0.0001776010972443487	0.00016697802390766087	0.00013668086802225322
str_L$`H	0.00010016069250558294	0.00016604877378495318	0.00019197284284989963	0.00016650491946072207	0.00011465691481807657
"str_>""u:F"	0.00012142721073899968	9.486665741925121e-05	0.00016603422010374574	0.00018449063934433137	0.00016790324411770932
str_\$ H	0.0002636760027394095	0.0	0.0	0.0002732422964303272	0.00018673151222095956
str_UPX0	7.673364949747806e-05	0.00015699299097238906	0.00022949691497778658	0.0001694976765420492	8.953304691511667e-05
"str_processorArchitecture=""X86"""	8.140583963086913e-05	0.00011913438952208229	0.0001371584014330633	0.00016947279934966816	0.000203155436976853
str_FindWindowA	0.0001480789252819662	0.00015952522657436207	0.0001557501100039756	0.00012759792139913856	0.00011555640425481176
str__^][	0.00014634021333025102	0.00017460776140382434	0.00011528774739078405	0.00012330314707768728	0.00014222367125005163
str_InternetOpenA	0.00012398955162468383	0.00016955755129536903	0.00020344403080788066	8.8193874550688e-05	0.00011314837033362928
str_ExitProcess	0.00012289872701935978	0.00018151143223301452	0.00013137900435034028	0.00013630264364884617	0.0001186061627301016
str_wwww	9.213991056709055e-05	0.00014667998750082643	0.00014306885447821374	0.00012475992414496582	0.00018300489496990343
str_wwwwp	0.00010705816763396825	0.0001954683422108422	0.00012468322342302322	0.00011913448016343385	0.00014285251502451024
str_>0<0	2.1205263919303778e-05	0.000547530767454477	3.130893167724892e-05	3.472170736251193e-05	5.1586078870102036e-05
str_lstrcpynA	5.667320343769124e-05	0.00011322333910393422	0.00019943023323602056	0.00011112881494336371	0.00020469103894841866
str_L$0H	0.0	0.0	0.0	0.00035679454245026186	0.0003283156032315998
str_xxxp	0.00011004321342141718	0.00020323451631125994	0.0001255143970468409	0.00011631775024358864	0.00012913678135815116
str_SetFileAttributesA	0.00010746702860063841	0.00013585445439950736	0.00015255487658319503	0.00016230368852308827	0.00011777703772286453
str_D$ H	0.00011837524726994193	0.0001429990706985113	0.00014014614461694912	0.00016168937438399588	0.00010913209605682074
str_free	0.00012078003323404019	0.00010569100387458037	0.0001403511345025186	0.00017466668328730513	0.00012419625112011155
str_user32.dll	0.00014991061010076367	0.0001137835255112655	0.00013522483446664095	0.0001634215908655378	0.0001028427215745494
str_.rdata$brc	7.325986723711678e-05	0.00014729709573889694	0.00013606924131440886	0.000145600738712041	0.00016295065897033672
str_wwwwww	0.00013037645775138625	0.00015150361832482205	0.0001389690431452465	8.975242635860202e-05	0.00015111573039029727
str_wwwww	9.717976133220137e-05	0.00012859021145832176	0.00013172684598083934	0.00013292502049706308	0.00016147938828105137
str_fprintf	0.0001724197335285545	7.465035643997397e-05	0.00017246418793238956	0.00011661436696094639	0.0001107162563321011
str_wwwwx	0.00012360862481022712	0.0001219949621173208	0.00011473389106931107	0.00014816926273563901	0.00013595444065153
str_wwwwwwww	0.00011373805125492552	0.00017832395782514584	0.00010804005612431372	0.00010992983254761249	0.00013121099434642653
str_D$8H	0.00010961387506192203	0.00012711553513759398	0.00012304227935118706	0.0001517556712702135	0.000126874271646382
str_.pdata	8.849052797849071e-05	7.474595243737048e-05	0.00013416075308642482	0.0002015220483368028	0.00013578103465137966
str_GetDC	9.097948323413016e-05	0.00014052420067856632	0.00014289937727328424	0.0001561559262420608	0.00010229041612151775
str_N0L0	3.680751116819141e-05	0.0004459359661578994	5.58012041945726e-05	3.974229202841124e-05	5.356642926071561e-05
str_LoadCursorA	0.00010952708549115206	0.00012011287736499289	0.00014203327485196352	0.00013152353394535904	0.00012735090029309396
str__exit	8.839134971871929e-05	8.130807081253657e-05	0.00017493460733828447	0.00013813654867646214	0.0001456952283241298
str_GetTempPathA	9.262055293971415e-05	0.00013242618314638775	0.0001369821860073883	0.00014085019027120519	0.0001224283041855338
str_CreateMutexA	0.00011994958329559782	0.00013569290992038606	0.00017468448238984374	0.00011013369108656586	8.019662749667467e-05
str_GetCommandLineA	0.00015125093772068587	0.00012278172438873381	0.00013559360722721883	0.00010659907939522623	0.00010147096489301593
str_L$pH	9.683512506523863e-05	0.00011157396499481515	0.00014615338972097632	0.00015105006051359138	0.00010776946139619964
str_HeapFree	0.00011519588857977538	7.742549149946846e-05	0.00017813350327412742	0.00012230647799712856	0.00011603904092555757
str_HeapAlloc	0.00011691064064073652	9.251298297084696e-05	0.00014108384834811538	0.00015271463657048095	8.822418595055026e-05
str_OpenProcess	0.00013583876612625217	8.26085291700996e-05	0.0001545384077810764	0.00012032032360100688	9.777232781603805e-05
str_MessageBoxA	0.00012380130864500657	0.00010547280965968525	0.00014349923613260457	0.00010007936245272302	0.00010611324613541892
str_IsBadReadPtr	7.57438021837406e-05	0.00011067118545348262	0.00012557693752100852	0.00014747114346878068	0.00011792508159442
str_GetModuleHandleA	9.742269074653005e-05	0.00011812746413163344	0.00015466916454792614	0.00011826517079281692	8.699524655470894e-05
str_XPVSS	0.00010743446910051957	6.26366626447133e-05	0.00011357329217875137	8.185174802218515e-05	0.00020809956335427932
str_Redmond1	4.485710759382786e-05	0.00035919974439279744	6.602885503943808e-05	6.735456749090628e-05	3.585911553836511e-05
str_RegCloseKey	9.009411122939231e-05	0.0001275348787537368	0.00014476912792522932	0.00010265603240630523	0.00010775451903352953
str_@.data	0.00010461606619709635	0.00011324142373661007	0.00012707563626045715	0.00010930093922606021	0.0001130291695170721
str_D$ D	4.875499870589794e-05	0.00011582956672908013	0.00015552931002923702	0.0001657040263608396	8.09399642803923e-05
str_D$ A	7.644344263938745e-05	6.798142547562226e-05	0.00012631792300951325	0.00019116447485319378	0.00010444390276183679
str_TlsAlloc	8.363184930192095e-05	0.00012142261144361172	0.00013737346344523446	0.00012073020645703668	9.953386212197663e-05
