strings feature	Avg MDI Score
str_VB5!	0.0004920263579182257
str_<![CDATA[	0.00047175564054273086
str_HTTP/	0.0004188994213443932
str_code	0.00039818889551837295
str_3.91	0.00036705792837316584
str_lllll	0.0003591137345985981
str_send	0.000354931913694512
str_wwwwwwwxp	0.00035260863013483
str_NetWkstaGetInfo	0.0003439759903647578
str_JFIF	0.00034143637015501854
str_MSVBVM60.DLL	0.0003325445457084157
str_This program must be run under Win32	0.0003257241911355142
str_PathFileExistsA	0.00031997294314021796
str_DATA	0.00031755624085658124
str_button	0.0003166202020007443
str_wvsprintfA	0.0003145833935557725
str_urlmon.dll	0.0003095289016460621
str_Form1	0.0002970780600589528
str_NtClose	0.00028436678478525304
str_^zz1111	0.00028235540968940336
str_GetModuleFileNameExA	0.00028232764535021583
str_@uoW	0.0002804422994545885
str_zz1111MMM	0.00027828559123202555
str_gdiplus.dll	0.00027338980329125824
str_oLLLLL	0.00027302588299983794
str_zR1M	0.00027219791571807364
str_WNetOpenEnumA	0.0002712817099680873
str_wsock32.dll	0.00026710883566405136
str_^zz11	0.00026671906168929
str_.dll	0.00026575692529147893
str_path	0.0002647470045704147
str_StringX	0.00026353207291009785
str_wwwwwww	0.00026082887861383057
str_Show	0.00025995833873588084
"str_wxr""""/p"	0.00025802797590022123
str_!This program cannot be run in DOS mode.	0.0002578290906175618
str_UPX1	0.00025773687641306674
str_QueryServiceStatus	0.0002572143783420708
str_CharNextA	0.00025594694730083647
str_XXRss	0.00025400708561094135
str_edit	0.0002510389595473962
str_GdipFree	0.0002508780294002552
str_^zz111	0.00025077067002494794
str_SetSecurityInfo	0.00024943396792709646
str_AMPM	0.0002491628329553735
str_InternetOpenW	0.00024600435327813686
str_body	0.00024594947770057536
str_PSh?	0.0002448333273458884
"str_r""""/p"	0.00024480684414618755
str_right	0.0002444697553094385
str_^zz1111MM	0.00024148799110918208
str_ozR1ML	0.0002414060429093267
str_.aspack	0.00023957511872702044
str_atoi	0.00023462773519324098
str_XXRsx	0.00023096781652412468
"str_wr""""/p"	0.00022914043911652663
str_UPX!	0.00022909312016892048
str_^zz1111M	0.0002263219891216873
str_http://ocsp.verisign.com0?	0.00022406465388773953
str_SHGetFileInfoA	0.00022215237177806616
str_UPX0	0.00022149269168711617
str_URLDownloadToFileW	0.00022021048136476219
str_wtVj	0.0002188083630856655
str_@FA;	0.00021867158997830775
str_zzz^	0.00021785173707355472
str_33333	0.00021694764523231142
str_X1CC	0.00021668316075612948
str_Genuu_	0.00021548857784233275
str_XRRs	0.00021441374594923
str_WININET.dll	0.00021396084986680135
"str_<requestedExecutionLevel level=""asInvoker"" uiAccess=""false""></requestedExecutionLevel>"	0.00021095716271371767
str_Adobe	0.0002100355494689197
str_Prev	0.00020905126083654648
str_;7|G;p	0.00020770530434022333
str_FFSh	0.0002073223444712662
str_lSVW	0.00020271826318083553
str_InternetGetConnectedState	0.00020270017248668815
str_L*~e	0.0002019211250758466
str_MSIMG32.dll	0.00020190305715998597
str_VERSION.dll	0.00020048176832315935
str_taj*Xf	0.0002003895155602877
str_time	0.00020034970312586927
str_^zz1	0.00020027901041969054
str_9M$u	0.00019864524197374836
str_Start	0.00019790267182832628
str_QSWV	0.0001973100069858743
str_https://www.verisign.com/rpa0	0.0001968232505047394
str_xxxp	0.00019599125938579834
str_GetObjectA	0.0001958665548779086
str_D$`j	0.00019399182473119997
str_9L$ts	0.00019243803665882898
str_RegisterClassExA	0.00019240541208498046
"str_""""""""""/"	0.00019204664031418934
str_AABB	0.0001915072426710562
str_<!-- Windows 8.1 -->	0.00019090941859043286
str_XPTPSW	0.00019027120368492133
str_VeriSign Trust Network1;09	0.0001900150339946008
str_WS2_32.DLL	0.0001889746260182284
str_EnumProcesses	0.0001879112796814264
str_>0!0	0.0001875125641885334
