opcodes feature	Bootstrap_0 Avg MDI Score	Bootstrap_1 Avg MDI Score	Bootstrap_2 Avg MDI Score	Bootstrap_3 Avg MDI Score	Bootstrap_4 Avg MDI Score
opcode_push	0.0005944356430422199	0.0008502437345369717	0.0008126001570384298	0.0009656971516795773	0.0008614966407131771
opcode_mov	0.0005828830976932581	0.0009076336469605144	0.0007606281507251373	0.0008385598004369367	0.000708558482911789
opcode_add	0.0005116214598433358	0.0007411523847408294	0.0008766240285957717	0.0007628869540361736	0.000670086386730537
opcode_or shl	0.0007007241500494431	0.000684920176873717	0.0007159876786994844	0.0004705324122317886	0.000849145851191361
opcode_inc	0.00042226294706903297	0.0006324045521641042	0.0005753472693231165	0.0006797678236979929	0.0006088219280834412
opcode_pop	0.00043107823329797756	0.0005576846021094414	0.0005721303109177112	0.0006686277027592665	0.0005237454018930602
opcode_xor	0.0003421932268002267	0.0005745350801777381	0.0004357036345989794	0.00044677991109752806	0.0005739791234789652
opcode_sub	0.00032815739370813465	0.0005622762008649437	0.0005726100471665611	0.0005074250016358419	0.0003697787385205989
opcode_or	0.00039122347453537107	0.00040343427252143824	0.00043612125823508445	0.0005215938773778967	0.0004719802125274018
opcode_imul	0.0003298264268014464	0.0002979711451977349	0.00035996100330054	0.0004908558168773746	0.0005250483787755796
opcode_dec	0.0002748896959496744	0.00041354659127225917	0.00037882247325579324	0.0004933175557986895	0.0004395221479882341
opcode_cmp	0.0003217679637307528	0.0003239135626248734	0.0003795632718191286	0.0005043943170011972	0.00044988013321490465
opcode_adc	0.0003206253711662136	0.00039498050469889375	0.0003766937808364793	0.0003605466778834011	0.00041065586833315647
opcode_and	0.00028313120925576413	0.00040911719123276684	0.0003983640560340046	0.0003751643158533384	0.00036984978373388774
opcode_jns mov mov	0.00036501485429368987	0.00016346716420028278	0.00042564629921706276	0.0005017909603452555	0.0003299357376116417
opcode_sbb	0.0003335515983463935	0.00044687997673611816	0.0003348298805523588	0.00035465789896188267	0.0002672069893124903
opcode_shl xor	0.0003616583365363241	0.00028684549358332605	0.0003301183741415359	0.0003022015333872238	0.00035723861563266633
opcode_jg	0.00039240838119477097	0.00023365980455609259	0.00031806231718437065	0.0003879133982717913	0.0002702715260016925
opcode_mov mov	0.0002949896576190345	0.00030540309271685816	0.0003657292704432384	0.00030619416740767375	0.00031367787620425607
opcode_test	0.0002320680614436159	0.0004026552086081223	0.00031769650626212425	0.00025374816405532026	0.0003261121472141588
opcode_jmp	0.00017941379792741876	0.00024736392846193023	0.00033857810225607353	0.0004350844618220896	0.0002645458826471552
opcode_add add	0.00022804604825328316	0.0003063357358054395	0.00030814236230583894	0.00028412259995724587	0.0003023320809853266
opcode_je	0.00028859006771435336	0.0002643054817046139	0.00025384228117507	0.00027123062496720664	0.0003475392108002883
opcode_ret	0.0001912558908990501	0.00025954520004105595	0.00023693039154387444	0.0004372114236692562	0.0002906174546839895
opcode_and cmp je	0.00034337306644211397	0.00023032359199478162	0.00019539303867531065	0.00024956978091885854	0.00032851194093561694
opcode_add mov	0.00024421845976178744	0.0002933733341052874	0.00025233183935618114	0.0002752126864264168	0.00023465789264327355
opcode_push push	0.00017151023667653903	0.0002727477950493717	0.00022582215140012465	0.0003326303702508145	0.00028571727591767445
opcode_mov add	0.00023034378670994167	0.00023713261038831745	0.0002424088680997037	0.0002678286198926045	0.00027862209982706964
opcode_not shr	0.0	0.000188063384098017	0.00016373508250061764	0.0003852388351935447	0.0004962119092468493
opcode_nop	0.0001741382187882511	0.0002739679039931013	0.00023227040655982842	0.0001600799411796679	0.0003911213933468031
opcode_call	0.00015787323416339025	0.0002012826207500434	0.00025115077277344415	0.00028535723857993524	0.0003188581210520641
opcode_lea	0.0002679567577125597	0.00021455285446355773	0.0001941541342546219	0.00030239464654954035	0.00021476157250091272
opcode_mov push	0.00018286616268451197	0.0002532537395011386	0.00022202485901100244	0.0002530261841834075	0.00028031362497407886
opcode_sar	0.00018525783803724288	0.00029251130087845905	0.00028742801017338535	0.00015699397862467974	0.0002613586401412725
opcode_add push	0.00020920778623114696	0.0002555781750723641	0.00023748947314999842	0.00025009794468417574	0.00022350192388758016
opcode_sub mov	0.0002414737031339197	0.0002318580033487689	0.00023337352419963253	0.00023655584607981057	0.00023161895977169973
opcode_push sub mov	0.00020691129176396203	0.00018054163268740934	0.0002981917521394166	0.0002865364093083975	0.0001936012393751072
opcode_call mov mov	0.0003672740359254217	0.00017660969686306827	0.0002449876954131192	0.00024268363106143368	0.00010943009368137647
opcode_jle	0.00018570306205229186	0.00015653668768796366	0.00023614672377150991	0.00025859654517552375	0.00029819317208259143
opcode_outsb	0.0001365949730533825	0.00019623233340371467	0.0002030902408416	0.00026110710917449025	0.0002995680141239035
opcode_insb	0.00016110947322545984	0.0002509320196599374	0.00020920190854939778	0.00020103254606421318	0.0002651588739001928
opcode_push mov	0.00021236073208830028	0.00018869605604407365	0.0001940679103910145	0.0002288404013550206	0.00025666207339696234
opcode_mov not shr	0.0	0.00015825379536051813	0.00017604450183204026	0.0003140783906290199	0.0004100479402820412
opcode_jl add	0.0004092259033641153	0.0	0.0003032027969919541	0.0003453300107273795	0.0
opcode_jns mov	0.0001607711057833983	0.00013934488723806892	0.00024133604191298074	0.00012045981843812267	0.0003830432354958742
opcode_fstp call	0.0001321764102157775	0.0002404817602507553	0.00021849237244036152	0.00026166364881934914	0.00016493112181170156
opcode_mov xor	0.00023457185237216188	0.0002360155731746185	0.0002425413115980522	0.00015552298396198059	0.00014659410764292872
opcode_add add add	0.00013620530086264315	0.0002296231326810453	0.00020464801574590535	0.00022277472313119587	0.00022087321035014763
opcode_je fld	0.00010720935360566624	0.00018392844699576856	0.00024952123629220813	0.00031576645734294014	0.0001297241462241604
opcode_jle mov	0.00018137599595240562	0.0001334695834447818	0.00019048468376071083	0.00031001273733339684	0.00016801204831268837
opcode_popal	0.00013566834477424299	0.0002220950081547787	0.00015783798650460126	0.00021771790581629722	0.00023668132190636854
opcode_add inc	0.000160696867089381	0.00024185819439361128	0.00014145687534609886	0.00016612962089949203	0.0002091036706479891
opcode_push add	0.00013577364060419396	0.0001496045256774883	0.00017666741884115052	0.00021146956737787934	0.00024205280547134528
opcode_jne	0.00015933230502462523	0.00020009216773350904	0.0001526026718511961	0.0002004161817580461	0.00020132232489016832
opcode_jg mov	0.00012395794955655755	0.00023393689170851084	0.00019325249749973177	0.000228442585495536	0.00013352755854182023
opcode_xchg	0.00022478295238378734	0.0	0.00031662183839254506	0.0	0.00035516651845415544
opcode_movzx sub mov	0.00021185833792117768	7.725803664443106e-05	0.00023360944274493419	0.00020567651612118484	0.0001664994800446074
opcode_sar mov	0.00020161341777709879	0.00018653317908984	0.00021252409338640005	0.00012980511636866498	0.0001610001213501931
opcode_shl	0.00011917942048946946	0.00015005373966018462	0.00015084398541695504	0.00019519325091724117	0.000272153774304403
opcode_sbb add	0.00013180294592904032	0.00016162898481844547	0.0002389333682838388	0.00017717010696609574	0.00017404264304379688
opcode_fst	0.00013278160626410465	0.0003047201842184352	0.00015793759134421185	0.00017547091611499945	0.00010828431584642201
opcode_jle mov mov	0.00017622109883353354	0.00010967352672768807	0.00011002479302052372	0.00024232252917823143	0.00023387672053709453
opcode_mov mov mov	0.00010147734425830562	0.00023096499933543236	0.00021268499214716256	0.00012299177956877182	0.00019995199030776022
opcode_or mov	0.0002136842379921388	0.00018097657188437746	0.00017156990683827913	0.00016658658916122142	0.00013138635170921516
opcode_mov mov call	0.00019929666703283984	9.060163679611173e-05	0.00019644492605206927	0.00023297989274993948	0.00013073661383981018
opcode_outsd	9.543644665133607e-05	0.00016304926195236062	0.0001492135680987334	0.0001831316768113975	0.00025573234338770135
opcode_cmp jg	0.00011649610885943337	0.00014367277550845903	0.00021223654562349358	6.975943914365693e-05	0.00029862625403032073
opcode_mov call mov	0.0002113575967097443	0.00014577392043955384	0.00012855690501961778	0.00021464864966018574	0.00012983944120360753
opcode_mov sar	0.00016617172793504173	0.00019222343842707505	0.00015685171487864928	9.9354425883993e-05	0.00020626360626445185
opcode_fstp jmp	0.00011351905723029165	0.0002838811923496495	8.660707401256484e-05	0.00028691335203106085	4.1982919749129416e-05
opcode_fstp	5.5243275668695254e-05	0.00011849128793617581	0.0002059040690838521	0.0001695408809105771	0.0002634197748620462
opcode_mov and	0.00018340742636804866	0.00020818241920474495	0.00011455489056434648	0.00017659182902818007	0.00012850829881109338
opcode_add cmp jle	7.484356361812368e-05	9.028424785281786e-05	0.0001638998137222808	0.00016775615629757154	0.0003093675698744596
opcode_add or	0.00010635234949554946	0.00016748831654911088	0.00017417110210799294	0.00019563342062273062	0.00015978645528193268
opcode_test mov mov	0.0002096397212581785	0.00019501108361117046	0.00012671408351978304	0.0001581219530099897	0.00010395213136049392
opcode_fstp fstp	0.00012402954752295403	0.00018243061034058905	0.00018173110787188178	0.0001572786591261975	0.0001466364533454899
opcode_mov inc	0.00013044563605206288	0.00013590313024488236	0.00013435575449774413	0.00015186711998335385	0.00022845157894765654
opcode_mov cmp	0.00019195240947951996	0.00016118939766407504	0.00012681222022886332	0.00015749651729897088	0.0001403416553837122
opcode_fstp mov mov	4.855474826868342e-05	0.00021073656444121967	8.311305257991067e-05	0.00017865381518494691	0.00025105997327809764
opcode_jb	0.00011394911795197043	0.00013685291440320688	0.0001594038899306137	0.00016583305714964867	0.00019496625085490345
opcode_mov and cmp	0.00018330700755524824	0.00010486568562859109	0.00020508655248988733	0.00013359167554086217	0.0001437419699278953
opcode_sub mov lea	0.00014410874757138552	0.00010656368321947599	0.00010909553594756405	0.0002322341442833141	0.00016987251006045354
opcode_mov sub	0.00015368502612283117	0.00012768518656692054	0.00014550124064193122	0.00019039349905823996	0.00014030837930298319
opcode_lea push	0.00015217378097019676	0.00013801859915671933	0.0001782010975138822	0.00014904820642302991	0.00013692196791734168
opcode_ror	8.819718066036652e-05	0.00016705355997792057	0.0001491829461556606	0.0001442753927959432	0.0002055323557651571
opcode_and cmp	0.00022702920298067378	0.0001745000266408578	6.404536364505305e-05	0.00010185679892097128	0.00018566691721019416
opcode_mov sub mov	0.00013946155486849708	0.00017632858963834435	0.00011624902182688404	0.00014780710971130153	0.000163384353763425
opcode_push mov and	0.00011603502250106743	0.0001543799514029295	0.00010041464369047099	0.00015326042463368562	0.00021718237492371627
opcode_pop mov	0.00013359496560028786	0.0002060097430775622	0.0001280999820879047	0.00012353472345918184	0.00014937931081489134
opcode_int3	0.00014250096780642156	0.00014391146633608594	0.00016802984218033604	0.00014037454085937727	0.00014268637858561584
opcode_je jle	8.989352365799358e-05	0.00014688375655231832	0.00017841590029247823	0.00014533283209480056	0.00017670742440602396
opcode_push mov pop	0.00011069494501917101	0.00012790094137777583	7.82373386071528e-05	9.808644019834796e-05	0.000316017208867992
opcode_mov pop	0.00010245067966919996	0.00014719459504609125	0.0001782555136840457	0.00015142247939412142	0.0001451623658372653
opcode_test jle mov	0.000130906837249158	6.0990028471067074e-05	0.00013352769836305067	0.00017733317144111137	0.0002169396940726889
opcode_fstp mov	4.810782785459485e-05	5.9230298608577535e-05	9.524522677271141e-05	0.000354592201962779	0.00016006675321932707
opcode_cmp jle mov	0.00013785224525355037	0.00014389899443078693	0.00011363269669315797	0.0001945188133201875	0.00012386166022345583
opcode_inc add	0.0001421424670269848	0.00014067054624347582	0.00016949887185058443	0.00010958579577728257	0.00014591183039539628
opcode_jae	7.992549969698109e-05	0.00018526864214582508	0.00017847191608890851	0.0001416276735564462	0.0001223631103053961
opcode_adc add	0.00010496969179149796	0.00018248789269086177	0.00013948678488996782	0.0001343747824296161	0.0001355195501864871
opcode_cmp je jle	0.00011495995016824444	6.95220869471652e-05	8.438148342744071e-05	0.00015493572893607093	0.0002691076185171788
